CustomerID,TotalSpending,NumberOfOrders,AverageOrderValue,TotalQuantity,NumberOfProducts,HighValue
12346,77183.6,1,77183.6,74215,1,1
12347,4310.0,7,23.681318681318682,2458,103,1
12348,1797.24,4,57.97548387096774,2341,22,1
12349,1757.55,1,24.076027397260273,631,73,1
12350,334.40000000000003,1,19.67058823529412,197,17,0
12352,2506.04,8,29.482823529411764,536,59,1
12353,89.0,1,22.25,20,4,0
12354,1079.4,1,18.610344827586207,530,58,0
12355,459.40000000000003,1,35.338461538461544,240,13,0
12356,2811.43,3,47.65135593220339,1591,53,1
12357,6207.67,1,47.38679389312977,2708,131,1
12358,1168.06,2,61.47684210526315,248,13,0
12359,6310.03,4,25.755224489795918,1609,213,1
12360,2662.06,3,20.63612403100775,1165,105,1
12361,189.9,1,18.990000000000002,91,10,0
12362,5226.2300000000005,10,19.64748120300752,2229,201,1
12363,552.0,2,24.0,408,23,0
12364,1313.1,4,15.448235294117646,1506,70,0
12365,641.38,2,29.153636363636362,174,22,0
12367,168.9,1,15.354545454545455,173,11,0
12370,3541.94,4,21.33698795180723,2352,143,1
12371,1887.96,2,29.96761904761905,591,63,1
12372,1298.04,3,24.962307692307693,794,34,0
12373,364.6,1,26.042857142857144,197,14,0
12374,742.9300000000001,1,22.513030303030305,342,33,0
12375,457.5,2,26.91176470588235,178,14,0
12377,1628.1200000000001,2,21.144415584415587,944,72,0
12378,4008.62,1,18.30420091324201,2529,219,1
12379,852.24,2,21.306,407,39,0
12380,2724.81,4,26.200096153846154,1127,77,1
12381,1845.31,5,21.21045977011494,808,70,1
12383,1850.56,5,18.69252525252525,1532,84,1
12384,585.27,2,21.676666666666666,126,26,0
12386,401.9,2,40.19,354,10,0
12388,2780.6600000000003,6,27.806600000000003,1462,58,1
12390,549.84,1,17.1825,353,32,0
12391,439.66,1,4.72752688172043,293,92,0
12393,1582.6000000000001,4,24.728125000000002,816,49,0
12394,1272.48,2,47.12888888888889,819,26,0
12395,3018.63,12,19.350192307692307,2118,91,1
12397,2409.9,2,19.126190476190477,1263,110,1
12398,1635.6599999999999,1,19.24305882352941,1394,85,0
12399,1108.65,4,18.790677966101697,1178,47,0
12401,84.3,1,16.86,11,5,0
12402,225.60000000000002,1,20.50909090909091,94,11,0
12403,427.7,1,85.53999999999999,96,5,0
12405,1710.39,1,31.67388888888889,857,54,1
12406,3415.3,2,32.52666666666667,1818,91,1
12407,1708.12,5,22.18337662337662,1416,57,1
12408,2888.55,5,27.51,1409,81,1
12409,11072.67,3,101.58412844036697,5551,91,1
12410,693.33,2,26.66653846153846,211,26,0
12412,1226.88,3,20.112786885245903,829,44,0
12413,758.1,3,19.95,286,29,0
12414,562.4100000000001,3,31.245000000000005,300,16,0
12415,124914.53,21,174.95032212885152,77374,451,1
12417,3649.1,9,19.005729166666665,1552,159,1
12418,668.58,1,19.664117647058823,407,34,0
12420,600.39,1,20.70310344827586,345,29,0
12421,807.04,4,17.93422222222222,484,32,0
12422,803.5600000000001,3,20.604102564102565,370,39,0
12423,1859.31,8,14.87448,1339,96,1
12424,1760.96,2,58.69866666666667,740,30,1
12425,777.2,1,21.58888888888889,496,36,0
12426,582.73,1,19.424333333333333,258,30,0
12427,825.8000000000001,3,26.638709677419357,533,26,0
12428,7956.46,9,27.062789115646257,3536,259,1
12429,3750.4,4,38.66391752577319,1557,82,1
12430,256.4,1,23.30909090909091,117,11,0
12431,6419.95,15,27.43568376068376,2896,163,1
12432,5059.32,5,46.845555555555556,1801,107,1
12433,13375.87,7,31.847309523809525,11071,222,1
12434,806.14,2,16.122799999999998,394,46,0
12435,7829.89,2,217.49694444444447,2055,31,1
12436,509.01,1,31.813125,211,16,0
12437,4951.41,18,24.88145728643216,2922,119,1
12438,2906.85,2,29.66173469387755,1180,85,1
12441,173.55,1,15.77727272727273,121,11,0
12442,172.06,1,14.338333333333333,182,12,0
12444,5005.46,5,28.440113636363638,1153,138,1
12445,133.4,1,33.35,62,4,0
12446,1002.3100000000001,1,17.584385964912283,351,57,0
12447,476.49,1,18.326538461538462,190,26,0
12448,449.45,1,20.429545454545455,243,22,0
12449,4067.29,4,21.294712041884818,1553,119,1
12450,197.88,2,24.735,128,7,0
12451,9035.52,5,25.524067796610172,6575,265,1
12452,430.57000000000005,2,19.57136363636364,185,21,0
12453,707.09,1,16.443953488372095,473,43,0
12454,3528.34,1,235.22266666666667,1006,15,1
12455,2466.86,6,27.409555555555556,2089,85,1
12456,3181.04,3,25.44832,1633,105,1
12457,2363.23,7,38.11661290322581,843,53,1
12458,947.4,2,24.931578947368422,506,35,0
12461,826.88,2,23.62514285714286,287,35,0
12462,1189.59,2,19.186935483870965,536,52,0
12463,1344.78,4,16.202168674698793,776,65,0
12464,1212.05,8,41.79482758620689,112,6,0
12465,742.19,2,15.791276595744682,479,46,0
12468,729.54,2,19.198421052631577,366,36,0
12471,19788.65,30,43.11252723311547,8200,153,1
12472,6572.11,7,19.386755162241887,4148,221,1
12473,3928.05,5,23.521257485029942,2414,140,1
12474,7324.09,18,17.355663507109004,4833,254,1
12475,723.38,1,20.093888888888888,535,36,0
12476,6816.42,11,29.255021459227468,2408,178,1
12477,13219.74,6,44.065799999999996,3653,193,1
12478,680.99,1,18.91638888888889,236,36,0
12479,527.2,1,17.006451612903227,385,31,0
12480,3281.63,4,21.309285714285714,1707,129,1
12481,5579.82,10,25.8325,3294,152,1
12483,2484.98,8,33.133066666666664,1110,46,1
12484,4527.32,6,13.199183673469387,2187,257,1
12488,1298.66,3,23.612000000000002,529,46,0
12489,334.93,1,22.328666666666667,105,15,0
12490,5417.93,10,22.114,3064,132,1
12491,460.40000000000003,1,17.70769230769231,260,25,0
12492,263.21000000000004,2,13.160500000000003,192,19,0
12493,433.74,2,19.715454545454545,207,20,0
12494,1246.1,7,16.18311688311688,707,65,0
12497,1043.1,1,74.50714285714285,1236,14,0
12498,403.70000000000005,3,17.55217391304348,159,21,0
12500,4257.82,11,69.80032786885245,2678,35,1
12501,2169.39,1,14.559664429530201,1783,149,1
12502,3723.87,5,25.332448979591835,820,102,1
12504,482.04999999999995,2,53.5611111111111,90,6,0
12506,73.5,1,3.1956521739130435,23,23,0
12507,1304.81,3,62.13380952380952,894,19,0
12508,397.88,2,5.851176470588236,271,57,0
12509,176.5,1,25.214285714285715,55,7,0
12510,982.5699999999999,2,29.774848484848484,353,29,0
12512,132.18,2,4.263870967741935,96,31,0
12513,612.29,1,17.494,462,35,0
12514,1017.6800000000001,1,19.95450980392157,440,51,0
12515,383.7,1,23.98125,131,16,0
12516,1312.06,2,50.46384615384615,875,20,0
12517,2481.6,5,8.894623655913978,1361,233,1
12518,2056.89,5,16.58782258064516,1318,84,1
12519,330.84000000000003,1,19.46117647058824,175,17,0
12520,2634.26,5,17.330657894736845,1439,122,1
12521,599.68,1,15.781052631578946,309,38,0
12522,192.72,2,16.06,194,11,0
12523,1789.77,11,16.884622641509434,865,85,1
12524,4485.72,8,31.150833333333335,3699,114,1
12526,1316.66,3,18.54450704225352,632,64,0
12527,348.71000000000004,3,19.37277777777778,234,18,0
12528,1933.48,6,21.01608695652174,756,51,1
12530,1662.28,4,25.186060606060607,913,51,1
12531,125.22,1,7.365882352941177,45,17,0
12532,349.83000000000004,1,21.864375000000003,153,16,0
12534,1089.18,1,17.28857142857143,651,63,0
12535,716.35,2,21.069117647058825,219,28,0
12536,12601.830000000002,3,48.282873563218395,2803,260,1
12538,363.95,1,17.33095238095238,191,21,0
12539,5568.35,4,20.396886446886448,2067,157,1
12540,13400.24,17,28.03397489539749,6685,277,1
12541,981.18,3,18.868846153846153,680,47,0
12544,372.7,1,19.61578947368421,136,19,0
12545,1000.39,2,20.0078,523,42,0
12546,1161.5,2,16.833333333333332,633,59,0
12547,207.8,2,25.975,134,7,0
12548,95.19999999999999,1,19.04,49,5,0
12550,964.83,1,16.92684210526316,569,57,0
12551,168.0,1,16.8,100,10,0
12552,437.82,2,21.891,88,20,0
12553,3692.28,10,19.33130890052356,1965,97,1
12556,599.56,2,5.038319327731092,355,101,0
12557,11990.960000000001,5,363.36242424242425,4384,20,1
12558,269.96,1,24.54181818181818,196,11,0
12559,561.71,2,26.74809523809524,283,21,0
12560,2134.01,3,20.323904761904764,1110,91,1
12561,238.85,1,14.928125,177,16,0
12562,3781.7400000000002,7,22.510357142857146,1779,100,1
12564,456.90000000000003,1,21.75714285714286,133,21,0
12565,145.92000000000002,1,16.213333333333335,80,9,0
12566,351.65,1,18.507894736842104,265,19,0
12567,9401.28,10,21.079103139013455,4305,323,1
12569,4124.6900000000005,32,21.93984042553192,1801,93,1
12571,519.61,2,15.28264705882353,523,31,0
12572,1020.4200000000001,2,17.007,452,53,0
12573,160.54000000000002,1,5.733571428571429,84,26,0
12574,218.45000000000002,1,19.85909090909091,61,11,0
12576,1315.83,5,14.952613636363635,967,72,0
12577,626.6,3,4.291780821917809,469,137,0
12578,2794.51,2,24.51324561403509,1196,111,1
12579,440.42,1,15.18689655172414,285,29,0
12580,415.7,1,17.320833333333333,238,24,0
12581,197.71,1,13.180666666666667,161,15,0
12582,511.36,2,23.243636363636366,300,21,0
12583,7281.38,15,29.47927125506073,5060,117,1
12584,2338.15,9,24.355729166666666,416,45,1
12585,2040.1,2,23.44942528735632,1279,77,1
12586,196.94000000000003,1,17.903636363636366,79,11,0
12587,144.0,1,36.0,51,4,0
12588,214.89999999999998,1,21.49,53,10,0
12589,646.68,2,18.47657142857143,306,29,0
12590,9864.26,2,145.06264705882353,4283,68,1
12591,452.84999999999997,1,17.41730769230769,228,26,0
12592,437.6,2,24.311111111111114,290,11,0
12593,418.1,3,19.90952380952381,206,14,0
12594,3338.2200000000003,10,28.290000000000003,1777,51,1
12596,618.27,2,22.898888888888887,474,25,0
12597,3811.22,4,18.50106796116505,2236,185,1
12598,3023.08,8,22.902121212121212,1964,84,1
12599,1032.58,7,16.654516129032256,956,32,0
12600,2599.04,10,40.61,774,32,1
12601,577.0600000000001,5,20.609285714285715,245,21,0
12602,153.12,1,12.76,162,12,0
12603,739.1999999999999,1,369.59999999999997,63,2,0
12604,254.18,2,15.88625,201,15,0
12607,1579.51,1,15.63871287128713,1228,101,0
12609,1126.85,3,18.78083333333333,648,57,0
12610,2099.54,5,19.80698113207547,1049,85,1
12611,1193.32,1,18.35876923076923,846,65,0
12612,704.04,1,37.054736842105264,262,19,0
12613,3344.38,5,21.858692810457516,1644,124,1
12614,315.6,1,15.780000000000001,76,20,0
12615,2291.19,4,21.820857142857143,1376,82,1
12616,713.3,2,22.290625,284,25,0
12617,352.98,1,8.609268292682927,210,39,0
12618,177.31,1,16.11909090909091,96,11,0
12619,3641.24,9,40.45822222222222,3378,50,1
12620,1339.41,3,14.558804347826088,1181,89,0
12621,13689.67,20,29.31406852248394,7440,265,1
12622,180.1,1,16.37272727272727,69,11,0
12623,305.1,1,16.950000000000003,191,18,0
12624,641.13,2,16.87184210526316,355,36,0
12625,2683.82,2,31.207209302325584,1612,74,1
12626,6620.4800000000005,9,22.518639455782314,3453,233,1
12627,4478.53,7,19.47186956521739,2752,162,1
12628,786.46,3,19.181951219512197,448,34,0
12630,1270.88,2,19.8575,548,60,0
12631,640.5,1,20.661290322580644,236,31,0
12633,2163.98,4,21.425544554455445,1162,73,1
12635,1689.18,2,16.724554455445546,1172,97,1
12637,6002.9,8,15.714397905759162,2994,206,1
12638,671.69,1,17.222820512820515,577,39,0
12639,486.1,1,22.095454545454547,201,22,0
12640,1174.58,3,22.16188679245283,311,47,0
12641,185.9,1,18.59,72,10,0
12642,1013.26,3,21.558723404255318,552,39,0
12643,3344.64,6,139.35999999999999,1808,11,1
12644,477.90999999999997,1,15.416451612903225,325,31,0
12645,1775.18,4,24.31753424657534,1084,58,1
12646,1346.97,2,29.932666666666666,897,43,0
12647,3722.82,12,30.76710743801653,1431,80,1
12648,318.05,1,15.145238095238096,160,21,0
12649,623.51,3,20.113225806451613,586,28,0
12650,314.44,1,15.722,254,20,0
12651,114.0,1,12.666666666666666,78,9,0
12652,919.98,1,19.16625,505,48,0
12653,2209.85,2,51.391860465116274,919,37,1
12654,601.98,5,15.841578947368422,264,31,0
12656,4051.17,5,32.152142857142856,1723,89,1
12657,1643.18,4,34.961276595744685,1044,35,0
12658,686.05,1,19.056944444444444,320,36,0
12659,91.68,1,18.336000000000002,105,5,0
12660,245.10000000000002,1,18.853846153846156,127,13,0
12662,3849.78,11,16.73817391304348,2058,129,1
12664,4881.88,9,131.94270270270272,1203,13,1
12665,63.0,1,21.0,37,3,0
12667,620.13,1,18.791818181818183,395,33,0
12668,3807.15,4,23.64689440993789,1634,116,1
12669,2744.0299999999997,3,27.168613861386135,1115,97,1
12670,2996.05,5,32.56576086956522,1397,58,1
12672,225.9,1,22.59,78,10,0
12673,610.52,2,14.536190476190475,351,42,0
12674,1970.6,4,23.742168674698792,1133,52,1
12676,1331.39,6,29.586444444444446,670,33,0
12678,17628.46,12,106.83915151515151,10923,107,1
12679,1113.02,4,23.187916666666666,554,43,0
12680,862.81,4,16.592499999999998,443,33,0
12681,13787.54,22,21.610564263322885,7536,269,1
12682,12279.82,31,23.434770992366413,5555,216,1
12683,8476.57,15,24.641191860465117,4987,180,1
12684,2283.63,7,21.748857142857144,1985,61,1
12685,2863.08,6,18.236178343949042,1523,117,1
12686,89.14,1,12.734285714285715,107,7,0
12688,4873.81,1,28.50181286549708,3028,170,1
12689,1247.6100000000001,2,17.327916666666667,628,57,0
12690,389.01,1,24.313125,106,16,0
12691,1035.8,6,32.36875,394,21,0
12693,855.91,4,21.946410256410257,255,35,0
12694,869.67,2,23.504594594594593,509,32,0
12695,582.1,4,21.55925925925926,220,23,0
12697,957.59,3,23.355853658536585,508,37,0
12700,4939.99,4,18.432798507462685,2967,194,1
12701,797.71,2,15.051132075471699,678,50,0
12702,219.0,1,18.25,53,12,0
12703,283.55,1,13.502380952380953,164,21,0
12704,2340.84,8,26.600454545454546,1006,64,1
12705,6868.29,9,20.56374251497006,3997,229,1
12707,603.42,1,18.285454545454545,256,33,0
12708,2712.91,10,17.27968152866242,1307,86,1
12709,9706.52,15,46.891400966183575,3912,93,1
12710,1149.02,3,14.922337662337663,851,75,0
12712,4396.13,13,33.053609022556394,1062,58,1
12713,848.55,1,22.330263157894734,508,38,0
12714,4708.86,5,18.18092664092664,3069,217,1
12715,343.36,1,17.168,192,20,0
12716,1053.49,2,15.267971014492753,708,60,0
12717,1030.98,2,18.74509090909091,506,49,0
12718,238.25,1,12.539473684210526,203,19,0
12719,644.95,2,16.53717948717949,374,34,0
12720,5781.7300000000005,25,16.33257062146893,4672,217,1
12721,2656.13,6,16.497701863354038,1959,134,1
12722,997.63,4,18.82320754716981,566,50,0
12723,725.07,5,10.508260869565218,434,53,0
12724,1031.41,4,19.460566037735852,445,48,0
12725,427.8,1,17.825,164,24,0
12726,2609.1,7,21.041129032258063,3143,57,1
12727,3980.7000000000003,7,28.63812949640288,2098,109,1
12728,836.33,4,18.18108695652174,419,38,0
12729,453.01,1,17.423461538461538,233,26,0
12731,18895.91,12,68.96317518248175,8437,109,1
12732,236.26000000000002,1,19.688333333333336,111,12,0
12733,383.95,1,17.452272727272728,137,22,0
12734,110.39999999999999,1,27.599999999999998,88,4,0
12735,779.5699999999999,2,18.12953488372093,368,38,0
12736,234.0,1,58.5,173,4,0
12738,155.35,1,14.122727272727273,148,11,0
12739,1013.04,2,26.658947368421053,486,38,0
12740,427.6,1,15.837037037037037,342,27,0
12743,540.13,2,4.123129770992366,315,114,0
12744,21279.29,7,95.85265765765766,5241,179,1
12747,4196.01,11,40.737961165048546,1275,43,1
12748,33053.19,209,7.491656844968269,25287,1778,1
12749,4090.88,5,20.55718592964824,1471,162,1
12750,275.88,1,18.392,137,15,0
12752,4366.78,1,82.3920754716981,2262,53,1
12753,21429.39,6,108.77862944162436,11421,133,1
12754,3010.74,3,47.78952380952381,6481,49,1
12755,3811.9500000000003,2,952.9875000000001,1491,4,1
12756,112.08,1,28.02,144,4,0
12757,7834.650000000001,13,21.52376373626374,2395,239,1
12758,2791.59,2,28.779278350515465,2135,84,1
12759,1531.44,3,16.12042105263158,902,81,0
12762,1898.52,2,27.51478260869565,1227,62,1
12763,494.08,2,27.448888888888888,316,16,0
12764,1693.88,1,37.64177777777778,386,45,1
12766,6989.63,7,22.547193548387096,3646,205,1
12769,1143.6,1,35.7375,356,32,0
12770,1351.45,1,112.62083333333334,743,12,0
12772,892.47,1,16.226727272727274,556,55,0
12775,1386.04,5,21.00060606060606,877,48,0
12778,822.23,6,16.4446,825,40,0
12779,3981.36,8,26.72053691275168,2024,89,1
12781,826.74,2,33.0696,671,25,0
12782,2330.92,5,22.630291262135923,1086,82,1
12783,2225.91,6,26.49892857142857,624,76,1
12784,532.82,2,9.347719298245615,280,54,0
12785,311.95,1,22.282142857142855,131,14,0
12787,463.66,3,23.183,261,17,0
12789,91.85,1,22.9625,4,4,0
12790,324.92,1,15.472380952380954,166,21,0
12791,192.60000000000002,1,96.30000000000001,97,2,0
12792,400.54,1,16.0216,217,25,0
12793,545.48,2,22.728333333333335,295,21,0
12794,860.41,2,19.12022222222222,592,43,0
12795,430.48,1,30.74857142857143,68,14,0
12797,254.03,1,19.540769230769232,118,13,0
12798,6977.04,3,872.13,5256,6,1
12802,427.58,1,17.1032,314,25,0
12808,483.65000000000003,3,17.273214285714285,188,27,0
12809,489.31,1,19.572400000000002,220,25,0
12811,514.85,3,16.608064516129033,230,27,0
12812,229.64000000000001,1,15.309333333333335,164,15,0
12814,125.92,1,62.96,49,2,0
12815,1063.46,2,22.6268085106383,379,38,0
12816,572.2,2,19.731034482758623,128,27,0
12817,166.04000000000002,1,41.510000000000005,53,4,0
12818,1542.08,1,110.14857142857143,929,14,0
12820,942.34,4,15.97186440677966,722,55,0
12821,92.72,1,15.453333333333333,70,6,0
12822,948.88,2,20.62782608695652,550,41,0
12823,1759.5,5,351.9,230,1,1
12824,397.12,1,15.8848,232,25,0
12826,1474.72,7,16.205714285714286,1058,59,0
12827,430.15,3,17.206,197,19,0
12828,1018.71,6,18.19125,494,46,0
12829,293.0,2,26.636363636363637,376,9,0
12830,6814.64,6,179.33263157894737,9848,13,1
12831,215.05,1,23.894444444444446,135,9,0
12832,383.03000000000003,2,14.186296296296298,195,27,0
12833,417.38,1,17.390833333333333,156,24,0
12834,312.38,1,17.354444444444443,110,18,0
12836,2610.36,4,15.002068965517243,1062,148,1
12837,134.1,1,11.174999999999999,24,12,0
12838,671.95,2,5.599583333333333,355,116,0
12839,5591.42,14,17.80707006369427,3807,98,1
12840,2726.77,4,24.13070796460177,1511,67,1
12841,3991.58,25,9.641497584541062,2720,230,1
12842,1118.99,2,32.9114705882353,547,34,0
12843,1702.26,8,16.526796116504855,781,69,1
12844,325.96000000000004,2,6.268461538461539,125,47,0
12845,354.09000000000003,4,13.114444444444446,204,26,0
12847,843.64,1,10.043333333333333,873,72,0
12849,1010.29,2,21.047708333333333,597,47,0
12851,131.81,1,2.8044680851063832,106,43,0
12852,311.55,1,18.326470588235296,149,17,0
12853,1957.1000000000001,6,25.09102564102564,800,66,1
12854,1316.25,3,12.075688073394495,626,95,0
12855,38.1,1,12.700000000000001,30,3,0
12856,2170.78,6,6.98,1076,155,1
12857,1106.4,2,24.05217391304348,343,37,0
12863,521.2,1,104.24000000000001,188,5,0
12864,147.12,1,49.04,216,3,0
12865,1568.23,2,16.507684210526318,925,86,0
12866,559.12,1,21.504615384615384,171,26,0
12867,4009.34,7,7.50812734082397,4284,247,1
12868,1607.0600000000002,6,15.0192523364486,928,72,0
12871,380.64,2,34.60363636363636,200,8,0
12872,599.97,2,9.090454545454547,319,58,0
12873,374.0,1,93.5,128,4,0
12875,343.2300000000001,2,171.61500000000004,2019,1,0
12876,2218.02,2,26.09435294117647,1941,67,1
12877,1535.77,12,9.972532467532467,1178,100,0
12878,854.99,2,18.191276595744682,547,38,0
12879,573.22,3,57.322,370,7,0
12881,298.0,1,42.57142857142857,21,7,0
12882,1463.04,2,112.54153846153847,246,12,0
12883,703.47,4,16.749285714285715,196,39,0
12884,309.05,1,44.15,43,7,0
12885,1175.22,3,16.552394366197184,655,66,0
12886,1378.4,2,16.809756097560978,770,75,0
12888,354.12,2,70.824,76,4,0
12890,376.71999999999997,1,4.768607594936708,256,78,0
12891,331.0,3,110.33333333333333,950,2,0
12893,176.55,1,5.695161290322581,90,27,0
12895,372.8,2,16.945454545454545,210,22,0
12897,216.5,2,54.125,110,3,0
12901,17654.54,28,152.19431034482758,23075,30,1
12902,138.68,1,13.868,66,10,0
12904,496.06,2,6.986760563380281,294,59,0
12906,2919.81,5,46.34619047619047,1749,55,1
12908,750.0,2,375.0,1200,1,0
12909,2178.67,5,23.941428571428574,1280,79,1
12910,3075.04,8,41.00053333333333,1692,49,1
12912,1662.3,5,69.2625,670,17,1
12913,2483.63,5,49.6726,1419,38,1
12915,363.65,2,16.529545454545453,93,19,0
12916,2944.95,4,28.59174757281553,1083,55,1
12917,594.0,1,297.0,120,2,0
12919,1335.19,6,26.7038,673,34,0
12920,162.78,1,6.028888888888889,128,27,0
12921,16587.09,37,23.037625,9526,246,1
12922,405.38,1,14.477857142857143,370,28,0
12923,172.82,1,6.172142857142857,68,28,0
12924,933.7,4,31.123333333333335,481,22,0
12925,694.05,2,15.423333333333332,541,42,0
12928,2062.7,5,24.55595238095238,1472,61,1
12929,117.85,1,14.73125,37,8,0
12930,415.8,2,16.632,252,20,0
12931,42055.96,15,512.8775609756098,28004,30,1
12933,607.53,3,5.7314150943396225,499,102,0
12935,2160.7,7,16.749612403100773,1853,80,1
12936,1063.9,4,17.15967741935484,559,56,0
12937,1504.27,4,12.535583333333333,1007,81,0
12938,114.14,1,12.682222222222222,140,9,0
12939,11581.8,8,246.42127659574467,4876,24,1
12940,899.69,2,9.371770833333334,404,87,0
12942,675.6,3,9.651428571428571,198,68,0
12944,604.51,2,20.150333333333332,289,29,0
12945,462.95,1,20.128260869565217,165,23,0
12947,1603.99,6,16.535979381443298,1165,83,0
12948,2064.95,7,17.801293103448273,1080,82,1
12949,4167.22,8,19.382418604651164,2381,168,1
12950,1843.0,3,80.1304347826087,1380,13,1
12951,1064.07,6,16.89,503,54,0
12952,1387.79,4,17.566962025316457,653,64,0
12953,329.85,1,19.40294117647059,84,17,0
12955,4757.16,11,26.428666666666665,3664,82,1
12956,108.07,1,5.687894736842105,34,19,0
12957,4017.54,8,16.880420168067225,2549,208,1
12962,266.39,2,16.649375,129,15,0
12963,1856.63,8,19.54347368421053,881,75,1
12965,769.8100000000001,1,7.1278703703703705,282,107,0
12966,160.18,1,16.018,75,10,0
12967,1660.9,2,87.41578947368421,438,19,1
12968,135.95,1,27.189999999999998,73,5,0
12970,405.47,4,3.1431782945736435,268,116,0
12971,11189.91,86,36.68822950819672,9289,96,1
12974,144.8,1,18.1,24,8,0
12976,738.6,1,33.57272727272727,561,22,0
12977,39.239999999999995,1,4.359999999999999,12,9,0
12980,7374.900000000001,9,368.745,886,6,1
12981,372.21999999999997,2,18.610999999999997,242,14,0
12982,390.54,1,13.947857142857144,288,28,0
12984,97.5,1,24.375,26,4,0
12985,1239.38,2,16.30763157894737,1533,73,0
12987,558.7,2,19.95357142857143,219,27,0
12988,505.82,1,6.094216867469879,126,75,0
12989,6924.11,15,108.18921875,2943,41,1
12990,409.5,3,31.5,200,8,0
12991,503.76,2,16.25032258064516,405,31,0
12993,414.76,4,15.361481481481482,240,26,0
12994,974.42,3,15.974098360655738,459,52,0
12995,211.32,1,70.44,108,3,0
12997,1226.89,4,20.794745762711866,664,46,0
12999,455.88,3,16.28142857142857,342,25,0
13000,534.85,3,17.253225806451614,379,30,0
13001,9785.970000000001,13,29.038486646884277,5490,167,1
13002,120.95,1,17.27857142857143,73,7,0
13003,149.05,3,24.84166666666667,103,4,0
13004,5655.91,18,13.999777227722772,4822,281,1
13005,513.7,2,19.75769230769231,172,21,0
13006,81.57,1,20.3925,55,4,0
13008,229.47,1,16.390714285714285,175,14,0
13011,50.550000000000004,1,16.85,13,3,0
13012,1646.8400000000001,8,18.71409090909091,820,67,0
13013,4810.9400000000005,13,21.967762557077627,2224,155,1
13014,3466.28,10,31.800733944954132,905,68,1
13015,3339.64,5,19.08365714285714,1609,156,1
13016,789.89,3,16.806170212765956,527,39,0
13017,204.0,1,204.0,48,1,0
13018,7277.7,28,15.890174672489083,5435,316,1
13021,2616.38,9,19.97236641221374,1352,101,1
13023,689.9,2,17.2475,286,36,0
13026,975.36,5,24.384,1620,32,0
13027,6912.0,6,265.84615384615387,17280,6,1
13028,661.3199999999999,2,14.695999999999998,798,40,0
13029,1247.5,3,124.75,134,8,0
13030,752.44,2,8.178695652173914,348,77,0
13032,1010.1800000000001,2,14.227887323943662,375,55,0
13033,190.55,1,17.322727272727274,83,11,0
13034,642.77,2,17.372162162162162,369,37,0
13035,921.88,2,34.1437037037037,644,23,0
13037,881.07,3,18.355625,431,44,0
13038,908.46,3,32.445,360,24,0
13040,676.99,2,15.743953488372092,355,38,0
13043,516.42,1,39.72461538461538,254,13,0
13044,560.47,1,16.983939393939394,429,33,0
13045,305.28000000000003,1,16.96,221,18,0
13046,629.31,2,17.980285714285714,264,32,0
13047,3237.54,10,18.822906976744186,1391,106,1
13048,1819.41,4,13.477111111111112,1228,78,1
13049,656.6800000000001,2,46.90571428571429,268,14,0
13050,5836.86,17,14.483523573200992,3748,248,1
13052,348.15000000000003,1,19.34166666666667,222,18,0
13055,1214.41,3,15.979078947368421,894,75,0
13058,271.40000000000003,3,33.925000000000004,52,5,0
13059,183.4,1,22.925,35,8,0
13060,307.53000000000003,1,20.502000000000002,123,15,0
13061,248.61,1,24.861,107,10,0
13062,346.98,1,31.543636363636367,343,11,0
13064,1105.59,4,16.258676470588235,514,50,0
13065,205.86,1,14.704285714285716,74,14,0
13066,470.8,2,9.808333333333334,322,48,0
13067,115.46000000000001,1,7.697333333333334,32,14,0
13068,344.0,2,172.0,200,1,0
13069,4431.44,24,10.451509433962263,5873,283,1
13070,228.8,1,25.422222222222224,110,9,0
13072,177.15,1,25.307142857142857,69,7,0
13075,919.61,1,41.80045454545455,485,22,0
13077,728.02,4,6.558738738738739,862,99,0
13078,12627.94,26,35.27357541899441,5630,96,1
13079,220.10000000000002,5,36.68333333333334,62,2,0
13080,58.08,1,9.68,120,6,0
13081,28337.38,11,27.67322265625,19068,509,1
13082,3613.63,9,49.50178082191781,4324,64,1
13083,303.75,2,16.875,187,15,0
13085,416.08,2,18.91272727272727,216,17,0
13089,58762.08,97,32.393649393605294,31025,662,1
13090,8910.82,14,57.48916129032258,2263,98,1
13091,345.82,1,16.467619047619046,466,21,0
13092,477.83,5,19.1132,279,19,0
13093,7832.47,8,49.260817610062894,3961,98,1
13094,1927.3200000000002,12,80.305,1716,5,1
13095,74.39999999999999,1,12.399999999999999,144,6,0
13097,6003.22,10,14.259429928741094,2360,213,1
13098,28882.44,28,50.49377622377622,15968,162,1
13099,207.36,1,207.36,288,1,0
13101,101.19,1,12.64875,113,8,0
13102,6424.09,24,21.131875,4204,141,1
13103,243.94,1,30.4925,82,8,0
13104,1098.48,6,54.924,504,14,0
13106,76.5,1,76.5,18,1,0
13107,1531.6200000000001,4,26.407241379310346,1293,54,0
13108,350.06,1,35.006,298,10,0
13109,786.54,2,16.734893617021275,520,41,0
13110,1488.67,7,10.266689655172414,388,110,0
13113,12245.960000000001,24,61.229800000000004,3045,95,1
13115,2294.78,4,19.12316666666667,1567,89,1
13116,501.14,1,16.704666666666665,291,30,0
13117,984.91,8,12.959342105263158,945,66,0
13118,1197.81,5,15.162151898734177,410,67,0
13120,30.6,1,30.6,12,1,0
13121,283.73,1,5.674600000000001,252,50,0
13122,922.39,2,16.77072727272727,585,54,0
13124,3756.33,3,16.920405405405404,2119,186,1
13126,2099.64,8,14.997428571428571,2143,124,1
13127,259.17,1,17.278000000000002,127,15,0
13130,64.0,1,32.0,32,2,0
13131,1073.3,3,24.393181818181816,447,30,0
13132,77.3,1,25.766666666666666,20,3,0
13133,109.8,2,15.685714285714285,32,7,0
13134,1793.58,4,18.301836734693875,1059,94,1
13135,3096.0,1,3096.0,4300,1,1
13136,2607.61,5,20.53236220472441,1328,97,1
13137,3603.29,8,5.244963609898107,2204,350,1
13138,962.39,6,15.276031746031746,473,31,0
13139,5064.9400000000005,7,29.793764705882356,2425,133,1
13140,422.47,3,9.388222222222224,185,40,0
13141,2388.75,5,17.694444444444443,1548,113,1
13142,307.09000000000003,1,13.351739130434783,258,23,0
13144,110.95,1,36.983333333333334,21,3,0
13145,618.52,4,103.08666666666666,145,5,0
13146,228.91,1,13.465294117647058,154,16,0
13147,712.8,4,178.2,144,1,0
13148,3683.26,12,11.805320512820513,1965,229,1
13149,1676.06,4,19.48906976744186,1280,75,1
13151,1257.8700000000001,1,16.998243243243245,363,73,0
13153,486.22,1,32.41466666666667,418,15,0
13155,971.76,4,11.432470588235294,497,67,0
13157,1741.22,4,20.014022988505747,1439,70,1
13158,1201.06,4,15.203291139240505,784,60,0
13159,1429.35,4,11.911249999999999,1058,113,0
13160,91.8,1,22.95,56,4,0
13161,112.75,1,14.09375,29,8,0
13162,1688.29,4,21.370759493670885,1713,73,1
13165,1021.48,2,24.32095238095238,1376,40,0
13166,417.2,1,10.175609756097561,216,39,0
13167,791.33,4,12.174307692307693,785,52,0
13168,1299.59,4,10.314206349206348,670,103,0
13169,712.88,2,54.83692307692308,272,11,0
13170,108.81,1,3.6270000000000002,141,29,0
13171,468.41,3,10.182826086956522,229,37,0
13173,353.65000000000003,2,8.224418604651163,277,41,0
13174,2742.82,3,9.361160409556314,1352,228,1
13176,481.49,1,7.186417910447761,448,66,0
13177,282.45,1,16.61470588235294,91,17,0
13178,5725.47,11,21.60554716981132,3570,102,1
13182,121.18,1,11.016363636363637,201,11,0
13183,3957.78,9,42.10404255319149,2208,51,1
13184,1668.95,10,9.323743016759776,1662,139,1
13185,71.4,1,71.4,12,1,0
13186,1575.89,3,19.947974683544306,820,69,0
13187,236.02,1,6.378918918918919,95,37,0
13188,114.6,1,57.3,25,2,0
13189,260.68,2,8.988965517241379,842,29,0
13192,911.94,2,14.475238095238096,595,57,0
13193,112.08,1,4.4832,46,22,0
13194,60.7,1,20.233333333333334,26,3,0
13196,1797.78,4,16.343454545454545,1224,98,1
13198,3401.2400000000002,6,15.049734513274338,2648,199,1
13199,9817.12,38,82.49680672268909,6176,50,1
13200,870.09,4,18.915,516,42,0
13203,869.46,4,15.253684210526316,800,56,0
13207,250.26000000000002,2,31.282500000000002,130,7,0
13208,1217.65,6,8.227364864864866,803,124,0
13209,5891.61,8,18.35392523364486,4253,259,1
13210,353.48,1,16.067272727272726,316,22,0
13211,1095.42,3,19.916727272727275,834,45,0
13212,786.83,3,5.580354609929079,309,128,0
13213,1520.58,5,16.895333333333333,1360,82,0
13216,333.74,1,66.748,297,5,0
13217,533.98,3,133.495,262,3,0
13218,62.64,1,12.528,88,5,0
13220,819.2900000000001,4,39.01380952380953,196,18,0
13221,847.41,2,12.839545454545455,244,62,0
13223,163.2,2,32.64,88,5,0
13224,2155.95,2,19.9625,1518,102,1
13225,6463.84,7,201.995,3416,23,1
13226,108.21000000000001,1,6.7631250000000005,80,16,0
13227,257.7,1,28.633333333333333,99,9,0
13228,358.0,1,179.0,200,2,0
13229,160.95,1,16.095,63,10,0
13230,2755.63,14,4.69442930153322,1638,396,1
13232,1328.35,7,6.575990099009901,773,147,0
13233,605.12,2,14.072558139534884,1004,43,0
13235,1031.07,1,17.77706896551724,441,53,0
13236,744.85,2,20.69027777777778,416,34,0
13238,700.73,4,22.604193548387098,298,21,0
13239,329.56,1,15.693333333333333,327,21,0
13240,663.65,4,9.905223880597015,298,59,0
13242,270.40000000000003,3,20.800000000000004,130,12,0
13243,585.12,1,10.265263157894736,232,56,0
13244,121.74000000000001,1,4.508888888888889,38,27,0
13245,430.5,1,26.90625,125,16,0
13246,1961.52,6,14.422941176470587,1587,110,1
13247,501.12,4,20.0448,328,18,0
13248,465.68,2,17.91076923076923,305,25,0
13249,711.41,3,30.93086956521739,546,21,0
13253,1030.4,2,28.622222222222224,1572,35,0
13255,399.51,2,30.73153846153846,177,13,0
13258,672.83,3,18.689722222222223,282,28,0
13259,283.18,1,3.4960493827160493,126,77,0
13260,557.62,1,69.7025,142,8,0
13261,944.1,2,104.9,210,8,0
13262,200.29,1,18.208181818181817,125,11,0
13263,7436.93,35,4.46126574685063,4768,454,1
13265,2092.66,5,23.251777777777775,1740,66,1
13266,3834.2599999999998,12,20.504064171122995,4428,82,1
13267,4521.49,19,21.428862559241704,1969,93,1
13268,3174.75,11,7.331986143187067,3624,259,1
13269,5343.28,15,16.96279365079365,3513,180,1
13270,590.0,1,590.0,200,1,0
13271,211.49,1,2.430919540229885,240,79,0
13272,276.56,2,18.437333333333335,96,15,0
13273,138.98,1,8.68625,153,16,0
13276,590.9300000000001,2,19.69766666666667,161,30,0
13277,258.4,4,32.3,176,5,0
13278,542.73,1,11.798478260869565,537,46,0
13279,137.75,1,15.305555555555555,73,9,0
13280,798.46,3,9.737317073170733,518,67,0
13282,1132.14,3,30.59837837837838,307,29,0
13283,93.66,2,13.379999999999999,90,7,0
13284,201.19,1,15.476153846153846,91,13,0
13285,2709.12,4,14.487272727272726,2051,160,1
13291,361.11,1,8.597857142857142,233,41,0
13292,578.94,2,18.675483870967742,347,29,0
13294,873.74,2,16.18037037037037,453,48,0
13295,201.20000000000002,1,20.12,82,10,0
13296,87.4,1,17.48,78,5,0
13297,2089.85,4,35.421186440677964,963,53,1
13298,360.0,1,180.0,96,2,0
13299,142.5,1,28.5,30,5,0
13300,371.89,1,18.5945,203,20,0
13301,618.09,4,7.630740740740741,345,75,0
13302,63.75,1,63.75,5,1,0
13304,300.42,1,14.305714285714286,238,21,0
13305,2000.86,10,24.701975308641973,1232,50,1
13307,15.0,1,15.0,4,1,0
13308,1385.51,3,25.657592592592593,843,49,0
13309,1456.79,5,13.614859813084111,1544,83,0
13310,1132.03,3,15.722638888888888,587,66,0
13311,598.57,2,23.02192307692308,305,26,0
13313,1555.3200000000002,5,19.94,851,48,0
13314,775.94,3,12.515161290322581,560,55,0
13316,5732.93,4,66.66197674418605,5508,66,1
13317,2273.68,6,18.336129032258064,1035,101,1
13318,640.76,3,32.038,304,14,0
13319,10845.550000000001,26,22.784768907563027,4724,220,1
13320,1532.2,4,14.592380952380953,1086,78,0
13321,567.36,2,51.57818181818182,372,10,0
13322,199.48000000000002,1,7.9792000000000005,117,25,0
13323,787.85,5,37.516666666666666,175,6,0
13324,7121.95,10,94.95933333333333,5205,25,1
13325,675.3,1,56.275,240,12,0
13327,3627.77,8,33.59046296296296,1600,76,1
13328,1308.48,1,76.96941176470588,680,17,0
13329,789.0,2,46.411764705882355,463,16,0
13330,1140.93,3,21.526981132075473,751,38,0
13332,350.90000000000003,1,16.709523809523812,179,21,0
13334,3502.32,3,13.216301886792454,1764,209,1
13336,795.12,1,15.590588235294117,559,51,0
13338,487.02,1,25.632631578947368,256,19,0
13339,860.12,1,15.928148148148148,326,54,0
13340,10736.48,7,80.12298507462687,5770,128,1
13341,775.85,1,18.472619047619048,301,42,0
13343,353.43,1,18.60157894736842,135,19,0
13344,2511.69,3,21.6525,952,115,1
13345,389.5,1,19.475,141,20,0
13347,341.36,1,42.67,205,8,0
13348,233.76000000000002,1,16.697142857142858,136,14,0
13349,247.32,1,15.4575,225,16,0
13350,979.12,2,24.478,287,36,0
13351,373.94,1,23.37125,117,16,0
13352,397.98,1,16.5825,321,24,0
13354,743.53,1,14.579019607843136,604,51,0
13355,674.7,1,21.084375,314,32,0
13356,768.24,1,18.291428571428572,325,42,0
13357,609.4,1,6.847191011235955,321,85,0
13358,439.03000000000003,1,15.138965517241381,285,29,0
13359,439.56,1,19.11130434782609,161,23,0
13362,3090.7400000000002,4,18.618915662650604,1382,128,1
13363,992.5,2,16.541666666666668,710,47,0
13364,134.96,1,13.496,71,10,0
13365,2225.37,2,17.385703125,1247,122,1
13366,56.16,1,56.16,144,1,0
13368,623.4,2,21.49655172413793,327,29,0
13369,308.28000000000003,1,22.020000000000003,149,14,0
13370,754.87,1,19.355641025641027,343,39,0
13372,378.64,1,16.46260869565217,159,23,0
13373,3312.25,3,20.963607594936708,1651,135,1
13375,778.65,1,21.044594594594592,442,37,0
13376,1019.76,3,19.240754716981133,493,45,0
13379,572.56,3,5.902680412371134,601,85,0
13381,3639.31,6,21.15877906976744,2029,79,1
13382,222.99,1,14.866000000000001,131,15,0
13384,4151.93,7,27.315328947368425,2422,126,1
13385,534.57,1,15.273428571428573,281,35,0
13388,677.1,2,19.345714285714287,282,35,0
13389,797.96,3,15.646274509803922,429,50,0
13390,544.08,1,41.8523076923077,224,13,0
13391,59.8,1,59.8,4,1,0
13394,2520.02,8,16.258193548387098,2392,124,1
13395,307.72,1,14.653333333333334,336,21,0
13396,1360.99,2,31.65093023255814,600,42,0
13397,1544.13,5,40.635000000000005,430,28,0
13398,457.34000000000003,1,17.59,281,26,0
13402,621.23,2,15.92897435897436,479,32,0
13403,75.0,1,25.0,44,3,0
13404,252.49,2,22.953636363636363,111,11,0
13405,572.451,3,21.201888888888888,165,25,0
13408,28117.04,62,58.82225941422595,16232,242,1
13410,1003.06,5,35.82357142857143,518,15,0
13411,213.55,1,11.863888888888889,72,17,0
13414,1390.5,3,57.9375,1574,23,0
13416,712.5,2,37.5,142,11,0
13417,640.83,2,22.886785714285715,162,26,0
13418,6127.43,18,20.156019736842108,3918,225,1
13419,221.06,1,13.81625,275,16,0
13420,159.85,2,19.98125,101,8,0
13421,1833.71,2,17.977549019607842,1128,88,1
13422,2626.3,1,20.67952755905512,1326,127,1
13425,1624.21,3,20.823205128205128,1123,68,0
13426,3641.32,10,23.193121019108283,2245,103,1
13427,582.6,3,20.089655172413792,545,25,0
13428,201.78,1,2.8419718309859157,151,70,0
13429,1006.8,4,15.02686567164179,1390,55,0
13430,679.45,2,13.866326530612247,751,48,0
13431,1269.1,2,27.589130434782607,672,44,0
13434,534.24,2,53.424,300,9,0
13435,3809.89,7,37.72168316831683,2129,69,1
13436,196.89,1,16.4075,76,12,0
13437,3408.06,7,20.40754491017964,1283,143,1
13439,283.71,1,5.253888888888889,242,54,0
13441,296.64,1,22.818461538461538,204,13,0
13447,1129.14,3,19.137966101694918,584,55,0
13448,3534.69,6,18.22005154639175,1648,138,1
13449,291.88,1,15.362105263157895,222,19,0
13450,2043.72,6,28.784788732394368,1982,32,1
13451,2898.2599999999998,5,6.693441108545034,2128,318,1
13452,590.0,2,295.0,2,1,0
13453,356.98,2,20.998823529411766,134,16,0
13455,1058.34,2,23.007391304347824,354,43,0
13456,1766.72,6,28.043174603174602,765,43,1
13458,9646.57,14,25.252801047120418,5508,246,1
13460,183.44,2,10.790588235294118,286,16,0
13461,1445.0,3,53.51851851851852,1170,15,0
13462,151.5,1,16.833333333333332,62,9,0
13464,674.68,1,16.45560975609756,403,41,0
13466,307.90000000000003,1,18.111764705882354,259,17,0
13467,1071.91,2,10.937857142857144,580,89,0
13468,5704.97,37,18.89062913907285,2589,186,1
13470,165.0,2,16.5,100,7,0
13471,2501.84,4,9.84976377952756,1583,214,1
13473,422.64,2,20.125714285714285,266,21,0
13474,226.84,1,3.658709677419355,129,57,0
13475,1431.78,4,16.648604651162792,1012,64,0
13476,1238.47,2,21.352931034482758,417,56,0
13477,1454.58,6,18.41240506329114,1021,57,0
13479,300.95,2,20.063333333333333,134,14,0
13481,1804.56,5,16.55559633027523,1142,99,1
13482,184.64000000000001,1,16.785454545454545,116,11,0
13483,140.34,1,14.034,160,10,0
13484,313.8,1,39.225,44,8,0
13485,454.24,1,19.749565217391304,277,23,0
13486,1122.41,3,16.2668115942029,669,69,0
13487,575.4,3,16.923529411764704,265,26,0
13488,8968.31,13,21.25191943127962,4518,276,1
13489,449.52,4,32.10857142857143,560,11,0
13491,1215.82,10,14.137441860465115,903,73,0
13492,1269.84,3,25.3968,408,38,0
13493,618.63,2,77.32875,380,6,0
13494,316.26000000000005,1,17.570000000000004,162,18,0
13495,2044.8700000000001,5,42.60145833333333,829,35,1
13496,653.33,2,18.66657142857143,341,29,0
13497,348.05,2,18.318421052631578,163,19,0
13499,1159.1100000000001,5,27.597857142857144,1365,31,0
13500,1166.77,3,17.950307692307693,609,60,0
13501,1340.32,1,25.775384615384613,560,52,0
13502,292.0,3,16.22222222222222,264,17,0
13503,216.85,1,12.755882352941176,248,17,0
13504,295.93,1,13.451363636363636,178,22,0
13505,4393.63,4,20.435488372093022,2486,182,1
13506,458.52,2,17.635384615384616,324,26,0
13507,2479.16,4,15.303456790123455,1597,147,1
13508,110.97,1,9.2475,24,12,0
13509,979.72,7,22.266363636363636,1106,28,0
13510,1791.56,4,15.578782608695652,1386,87,1
13512,251.21,1,16.747333333333334,143,15,0
13513,205.1,1,20.509999999999998,109,10,0
13514,152.20000000000002,1,38.050000000000004,40,4,0
13515,891.12,4,15.103728813559322,681,50,0
13516,1389.41,3,31.5775,985,43,0
13517,2128.42,3,15.09517730496454,1369,125,1
13518,627.16,1,17.42111111111111,382,36,0
13519,122.75,1,15.34375,23,8,0
13520,3624.35,6,38.97150537634408,1649,51,1
13521,1071.73,3,2.5639473684210525,718,313,0
13522,125.80000000000001,1,25.160000000000004,44,5,0
13523,3964.88,5,23.051627906976744,1752,158,1
13524,680.1800000000001,5,25.191851851851855,324,17,0
13525,628.78,2,104.79666666666667,394,5,0
13527,2242.36,7,10.333456221198157,1683,154,1
13529,307.76,2,20.517333333333333,74,15,0
13531,483.8,2,21.990909090909092,174,17,0
13532,210.31,1,3.1865151515151515,129,66,0
13533,269.09,3,3.5878666666666663,202,61,0
13534,5870.08,25,19.83135135135135,2961,122,1
13536,3444.39,7,19.35050561797753,2126,91,1
13538,1280.85,7,51.233999999999995,175,10,0
13539,631.34,3,17.063243243243242,320,36,0
13544,276.06,2,3.539230769230769,112,76,0
13546,621.09,3,6.4029896907216495,357,73,0
13548,678.16,2,5.51349593495935,436,114,0
13549,918.2,7,18.00392156862745,458,37,0
13551,91.80000000000001,1,22.950000000000003,12,4,0
13552,3740.07,12,34.31256880733945,1417,83,1
13555,4098.88,4,30.362074074074076,2636,128,1
13557,584.0600000000001,2,17.17823529411765,546,32,0
13558,594.52,4,3.517869822485207,338,123,0
13560,171.42000000000002,1,5.3568750000000005,63,32,0
13561,141.85999999999999,1,10.132857142857143,83,14,0
13562,1799.3300000000002,3,21.943048780487807,757,51,1
13563,777.53,2,15.867959183673468,209,49,0
13564,1724.67,3,21.29222222222222,636,66,1
13565,240.22,2,6.321578947368421,172,35,0
13566,856.84,2,5.0700591715976335,567,134,0
13568,187.05,1,4.3500000000000005,66,41,0
13569,338.62,2,4.286329113924051,156,74,0
13570,239.49,1,8.870000000000001,161,27,0
13571,2088.94,12,6.143941176470588,1757,158,1
13572,1384.25,1,41.946969696969695,534,32,0
13573,290.25,2,11.61,302,24,0
13575,732.07,5,15.914565217391305,449,41,0
13576,6717.34,18,53.312222222222225,2646,79,1
13577,1687.6000000000001,4,20.33253012048193,791,62,1
13579,467.04,2,20.30608695652174,176,19,0
13581,118.0,1,11.8,30,10,0
13583,781.03,1,14.736415094339621,725,53,0
13584,142.4,1,5.933333333333334,37,24,0
13587,712.4,1,89.05,180,8,0
13588,2478.95,9,14.246839080459768,2606,132,1
13589,379.65,2,18.07857142857143,114,21,0
13590,1981.92,6,22.780689655172413,1848,70,1
13591,1117.13,3,19.26086206896552,485,56,0
13592,247.95999999999998,4,15.497499999999999,84,15,0
13593,2011.88,5,15.841574803149607,719,77,1
13594,396.97,1,15.268076923076924,359,26,0
13596,664.11,2,4.548698630136986,384,133,0
13598,160.04,1,4.572571428571428,52,33,0
13599,5149.92,21,20.934634146341462,3293,173,1
13600,219.52,1,11.553684210526317,324,19,0
13601,693.32,2,7.003232323232324,548,90,0
13602,428.89,1,18.647391304347824,267,23,0
13603,164.34,1,6.086666666666667,164,27,0
13606,276.75,3,6.91875,276,40,0
13607,675.51,1,6.964020618556701,288,93,0
13610,1082.33,7,5.034093023255814,488,165,0
13611,1154.4,3,16.033333333333335,754,68,0
13614,1585.46,4,8.130564102564103,564,171,0
13615,417.69,1,18.160434782608696,189,23,0
13617,544.18,3,12.367727272727272,300,31,0
13618,177.34,1,13.641538461538461,246,13,0
13621,213.85,1,11.255263157894737,343,19,0
13623,727.74,5,9.33,286,75,0
13626,257.23,1,13.53842105263158,209,19,0
13627,1638.47,5,17.80945652173913,1269,83,0
13629,7792.36,11,132.07389830508475,4372,29,1
13630,2031.78,7,28.61661971830986,1391,51,1
13631,3070.42,11,279.1290909090909,467,6,1
13632,2118.93,5,14.613310344827585,1031,121,1
13634,1547.3600000000001,5,8.319139784946238,700,156,0
13635,1071.03,1,17.274677419354838,677,62,0
13636,949.12,5,15.065396825396826,592,57,0
13637,804.3,3,8.124242424242423,405,80,0
13638,122.64,1,15.33,93,8,0
13639,1033.34,1,25.833499999999997,800,39,0
13642,312.28,1,5.478596491228069,151,57,0
13643,519.44,3,18.551428571428573,273,24,0
13644,2624.26,4,17.974383561643837,2067,144,1
13645,252.1,1,50.42,158,5,0
13647,1648.1200000000001,4,21.12974358974359,887,67,0
13649,346.6,2,15.069565217391306,139,23,0
13650,1836.3400000000001,6,19.128541666666667,922,81,1
13651,94.2,2,15.700000000000001,33,6,0
13652,1095.08,3,17.38222222222222,578,49,0
13654,2707.33,6,16.30921686746988,2182,157,1
13655,932.97,2,16.66017857142857,605,52,0
13656,379.65,2,7.747959183673469,490,49,0
13657,382.14,2,23.88375,209,16,0
13658,2639.17,5,24.43675925925926,1019,92,1
13659,1563.0,2,15.174757281553399,882,92,0
13662,881.26,3,16.947307692307692,533,50,0
13663,189.47,1,14.574615384615385,91,13,0
13666,84.65,3,7.054166666666667,41,12,0
13667,299.05,1,3.603012048192771,149,82,0
13668,6309.83,21,13.628142548596113,3722,282,1
13669,218.55,2,24.283333333333335,237,9,0
13670,349.7,1,13.988,282,25,0
13672,186.39000000000001,2,31.065,57,4,0
13673,387.44,2,6.457333333333334,114,47,0
13675,486.82000000000005,2,19.472800000000003,330,25,0
13678,232.6,1,14.5375,924,16,0
13680,3719.12,4,19.170721649484534,1934,167,1
13681,827.83,4,14.523333333333333,360,38,0
13682,59.5,1,19.833333333333332,10,3,0
13684,65.13,1,2.245862068965517,38,29,0
13685,3119.44,7,79.98564102564103,5056,29,1
13686,72.0,1,9.0,70,8,0
13689,910.0,1,151.66666666666666,512,6,0
13690,172.25,1,19.13888888888889,67,9,0
13692,1488.32,3,28.081509433962264,1226,48,0
13694,65039.62,50,114.50637323943663,63312,369,1
13695,2504.13,15,27.823666666666668,1603,47,1
13697,151.3,1,12.608333333333334,177,12,0
13699,308.58000000000004,1,22.041428571428575,66,14,0
13700,2248.63,10,11.590876288659794,2281,139,1
13703,99.5,1,99.5,10,1,0
13704,2308.06,9,17.224328358208954,1531,111,1
13705,711.86,3,25.423571428571428,363,25,0
13706,330.79,1,16.5395,189,20,0
13707,806.41,2,16.800208333333334,351,48,0
13708,285.33,1,5.823061224489796,301,49,0
13709,6307.650000000001,13,18.828805970149254,3508,252,1
13710,180.48,1,22.56,176,8,0
13711,252.06,2,19.38923076923077,140,11,0
13712,228.84,1,22.884,352,10,0
13715,1077.39,5,10.359519230769232,562,89,0
13716,138.28,1,6.584761904761905,138,21,0
13717,1445.01,6,14.166764705882352,1959,92,0
13718,306.55,2,25.545833333333334,173,9,0
13719,1041.68,5,17.361333333333334,609,56,0
13720,799.9,4,18.60232558139535,501,42,0
13721,524.14,1,18.719285714285714,316,28,0
13722,2375.41,3,27.945999999999998,1401,75,1
13723,199.85000000000002,1,33.30833333333334,43,6,0
13725,1980.56,8,19.043846153846154,806,95,1
13726,1079.66,2,25.70619047619048,1054,39,0
13727,333.48,2,16.674,162,19,0
13728,1016.14,6,16.12920634920635,458,39,0
13730,752.6,2,17.50232558139535,488,38,0
13731,610.59,2,16.068157894736842,278,36,0
13732,491.86,1,14.904848484848486,498,33,0
13735,2883.54,4,14.787384615384616,1128,158,1
13736,729.8,2,3.8410526315789473,496,167,0
13737,339.6,1,11.32,125,29,0
13739,216.9,1,72.3,54,3,0
13740,350.75,1,15.25,425,23,0
13741,668.4300000000001,3,19.65970588235294,218,34,0
13742,3107.87,12,9.92929712460064,1115,200,1
13743,1341.6,7,32.72195121951219,1776,9,0
13744,1080.52,2,17.15111111111111,1153,54,0
13745,300.04,1,12.001600000000002,496,25,0
13747,79.6,1,79.6,8,1,0
13748,948.25,5,33.86607142857143,439,24,0
13750,1647.26,5,68.63583333333334,516,20,0
13751,296.25,1,32.916666666666664,152,9,0
13752,1175.38,6,15.671733333333334,874,64,0
13753,741.26,1,21.178857142857144,512,35,0
13754,282.6,2,23.55,214,11,0
13755,2108.06,9,6.567165109034268,1242,231,1
13756,5189.52,14,36.54591549295775,3188,66,1
13758,3190.55,7,27.26965811965812,1844,104,1
13759,659.4100000000001,2,26.376400000000004,287,24,0
13760,286.79,2,5.03140350877193,197,50,0
13761,1070.65,2,15.295000000000002,642,68,0
13762,306.72,1,43.81714285714286,272,7,0
13763,1714.96,1,114.33066666666667,728,15,1
13764,1519.42,3,7.340193236714976,926,184,0
13767,17220.36,37,46.79445652173913,7322,55,1
13769,2796.51,10,20.71488888888889,1163,74,1
13771,2634.45,4,22.138235294117646,1477,115,1
13772,1122.63,3,6.489190751445087,540,141,0
13774,345.0,1,15.681818181818182,192,22,0
13777,25977.16,33,131.86375634517768,12897,36,1
13778,178.7,1,19.855555555555554,70,9,0
13780,360.01,2,6.315964912280702,318,56,0
13781,127.84,1,7.5200000000000005,30,17,0
13782,908.86,6,8.043008849557522,369,98,0
13784,2462.79,11,79.44483870967741,2493,9,1
13786,230.4,1,32.91428571428572,136,7,0
13787,309.04,2,9.969032258064518,337,24,0
13790,348.79999999999995,1,7.75111111111111,748,45,0
13791,1516.0,2,137.8181818181818,1200,7,0
13792,195.55,2,15.042307692307693,92,13,0
13798,37153.85,57,106.4580229226361,23948,116,1
13799,688.86,2,17.663076923076922,402,32,0
13800,558.32,1,16.91878787878788,331,33,0
13801,324.8,1,14.121739130434783,168,23,0
13802,4599.42,3,76.657,2572,55,1
13803,277.07,1,16.298235294117646,121,17,0
13804,2588.39,7,19.173259259259257,1462,124,1
13805,924.5999999999999,2,71.12307692307692,1900,10,0
13806,256.38,1,25.637999999999998,56,10,0
13807,112.6,1,16.085714285714285,36,7,0
13808,1747.66,5,22.995526315789476,782,70,1
13809,155.05,1,12.920833333333334,29,11,0
13810,1499.01,3,42.828857142857146,312,32,0
13811,814.5,3,62.65384615384615,68,7,0
13812,539.0,3,14.972222222222221,333,33,0
13813,1366.8600000000001,4,19.809565217391306,552,54,0
13814,1579.12,2,27.703859649122805,864,38,0
13815,4027.36,4,22.882727272727273,2560,135,1
13816,571.6700000000001,2,20.416785714285716,269,25,0
13817,382.98,2,15.957500000000001,211,20,0
13819,1140.35,3,31.676388888888887,1109,26,0
13821,385.64,2,6.536271186440678,153,51,0
13822,632.0,2,6.583333333333333,611,90,0
13823,957.66,2,23.941499999999998,439,39,0
13824,1698.94,5,36.93347826086956,768,35,1
13826,189.5,1,18.95,82,10,0
13827,409.8,3,4.4543478260869565,138,83,0
13828,209.49,1,13.966000000000001,311,15,0
13831,2198.45,6,30.534027777777776,743,59,1
13832,52.2,1,17.400000000000002,28,3,0
13833,383.85,1,13.708928571428572,117,28,0
13835,834.57,4,15.174000000000001,442,48,0
13837,266.59000000000003,2,14.810555555555558,182,17,0
13838,674.82,4,4.089818181818182,254,144,0
13841,85.0,1,85.0,100,1,0
13842,3385.62,9,16.43504854368932,1768,155,1
13844,361.62,1,18.081,196,20,0
13845,312.98,1,34.775555555555556,182,9,0
13846,865.0600000000001,3,15.728363636363637,388,55,0
13848,1255.0,3,251.0,3700,3,0
13849,1537.95,2,15.227227722772279,1016,97,0
13850,1595.48,1,17.155698924731183,944,93,0
13851,2651.46,3,32.73407407407407,1705,77,1
13853,1090.1399999999999,1,47.39739130434782,312,23,0
13854,8109.5199999999995,25,73.72290909090908,2296,39,1
13856,388.5,3,27.75,494,10,0
13858,216.17000000000002,1,19.651818181818182,75,11,0
13859,201.16,1,7.184285714285714,129,27,0
13860,1245.9,5,16.39342105263158,591,58,0
13862,2209.36,8,15.894676258992806,1688,98,1
13863,305.78,1,15.288999999999998,224,20,0
13865,501.56,4,16.718666666666667,204,26,0
13866,145.67,1,20.81,57,7,0
13867,1005.09,3,16.7515,501,51,0
13868,3192.54,2,96.74363636363637,1964,32,1
13869,3083.65,4,10.143585526315789,1709,235,1
13870,2770.94,8,24.095130434782607,1325,91,1
13871,6403.25,13,19.057291666666668,2806,160,1
13873,389.6,3,16.93913043478261,140,21,0
13874,540.45,1,30.025000000000002,180,18,0
13875,1786.79,5,17.180673076923078,1316,82,1
13876,122.7,1,17.52857142857143,36,7,0
13877,117.24,1,39.08,108,3,0
13878,1271.57,1,36.330571428571425,463,35,0
13880,3219.77,13,19.513757575757577,1842,126,1
13881,17159.52,20,96.40179775280899,10118,72,1
13882,1191.13,5,18.325076923076924,953,54,0
13883,2674.48,5,18.834366197183098,1436,110,1
13884,787.6,5,13.349152542372881,300,47,0
13885,506.8,2,18.1,182,28,0
13886,243.56,1,15.2225,126,16,0
13887,349.55,1,18.397368421052633,147,19,0
13888,595.67,2,15.273589743589742,254,38,0
13889,416.90000000000003,1,27.793333333333337,146,15,0
13890,1883.81,10,17.125545454545453,831,74,1
13892,632.97,4,23.443333333333335,983,26,0
13893,821.1,1,39.1,190,21,0
13894,564.62,3,20.911851851851853,354,25,0
13895,2593.07,4,21.975169491525424,1365,98,1
13897,311.16,1,18.303529411764707,200,17,0
13898,155.93,1,12.994166666666667,133,12,0
13899,388.52,2,20.448421052631577,156,19,0
13900,740.95,3,17.23139534883721,430,42,0
13901,2867.2000000000003,5,19.24295302013423,1739,144,1
13904,332.64,2,12.793846153846154,332,24,0
13908,2369.55,4,19.42254098360656,1478,104,1
13911,2580.91,9,17.43858108108108,2731,120,1
13914,626.45,2,18.983333333333334,380,29,0
13917,272.04,2,15.113333333333335,228,16,0
13918,1212.8400000000001,2,40.428000000000004,1140,30,0
13919,384.81,2,13.743214285714286,474,24,0
13922,172.25,1,24.607142857142858,93,7,0
13923,351.13,1,17.5565,185,20,0
13924,1838.8500000000001,6,15.716666666666669,1575,90,1
13925,678.25,4,16.54268292682927,331,28,0
13926,223.85000000000002,1,20.35,104,11,0
13927,348.99,1,16.61857142857143,214,21,0
13928,464.57,4,17.206296296296298,129,23,0
13929,842.65,2,93.62777777777778,143,8,0
13930,337.34,2,19.843529411764706,274,15,0
13931,1237.53,2,21.336724137931036,725,56,0
13932,307.4,1,19.2125,72,16,0
13933,608.79,2,26.469130434782606,205,23,0
13934,922.1,1,29.74516129032258,390,31,0
13936,376.58,1,14.483846153846153,330,26,0
13937,158.85,1,17.65,123,9,0
13938,71.66,1,10.237142857142857,70,7,0
13939,568.55,3,12.634444444444444,847,43,0
13940,839.14,4,17.12530612244898,516,39,0
13941,5112.96,5,113.62133333333334,2364,25,1
13946,561.57,3,51.051818181818184,443,11,0
13947,90.60000000000001,1,18.12,44,5,0
13948,102.0,1,34.0,40,3,0
13949,2427.32,6,15.170750000000002,2474,124,1
13950,745.0600000000001,4,21.287428571428574,323,33,0
13951,674.45,3,17.293589743589745,459,38,0
13952,3251.071,2,23.730445255474454,1431,120,1
13953,3515.68,7,175.784,2724,8,1
13954,439.92,2,17.5968,150,24,0
13955,322.96,2,9.786666666666665,154,33,0
13956,1019.27,5,6.933809523809524,486,123,0
13959,594.04,3,6.600444444444444,355,79,0
13960,230.22,2,19.185,142,11,0
13962,169.54999999999998,2,15.413636363636362,87,11,0
13963,664.54,4,18.986857142857144,460,35,0
13967,80.7,1,40.35,42,2,0
13969,9024.17,18,14.578626817447496,4528,339,1
13971,2758.26,8,18.511812080536913,1844,118,1
13972,190.25,2,12.683333333333334,187,15,0
13973,264.7,1,24.063636363636363,109,11,0
13974,413.59000000000003,1,14.77107142857143,249,28,0
13975,2461.2400000000002,6,7.480972644376901,1697,241,1
13976,357.98,1,35.798,154,10,0
13978,196.79,2,13.119333333333334,315,14,0
13979,869.87,1,16.108703703703704,639,54,0
13980,200.14,1,18.19454545454545,172,11,0
13982,1871.81,4,16.863153153153153,1136,72,1
13983,2603.43,12,24.3311214953271,1183,92,1
13984,920.51,5,57.531875,679,14,0
13985,7060.13,15,20.229598853868197,3445,109,1
13986,320.46,1,24.650769230769228,430,12,0
13988,4147.96,6,17.726324786324785,3044,188,1
13989,1266.08,2,30.88,1313,33,0
13990,311.3,1,19.45625,190,16,0
13991,852.88,6,10.400975609756097,995,59,0
13992,76.8,1,15.36,64,5,0
13993,3466.36,9,28.647603305785125,900,66,1
13994,2274.14,6,15.36581081081081,932,122,1
13995,1393.69,5,16.205697674418605,879,56,0
13999,3901.81,12,18.758701923076924,2243,104,1
14000,635.66,1,42.37733333333333,710,15,0
14001,2043.0800000000002,3,52.38666666666667,962,34,1
14002,529.73,2,11.270851063829788,877,47,0
14004,4582.64,7,26.799064327485382,2668,104,1
14005,2874.72,5,34.22285714285714,2478,53,1
14006,962.19,3,32.073,641,23,0
14009,695.61,2,16.562142857142856,365,42,0
14012,328.8,1,29.89090909090909,160,11,0
14013,473.02,3,13.91235294117647,462,30,0
14014,505.18,1,12.953333333333333,1076,39,0
14015,917.34,1,45.867000000000004,378,20,0
14016,4341.21,4,26.964037267080744,2125,154,1
14019,1421.6100000000001,3,21.539545454545458,1037,38,0
14020,642.8,2,16.48205128205128,441,37,0
14021,631.9,3,28.722727272727273,192,22,0
14022,440.0,1,15.714285714285714,487,28,0
14023,584.07,2,18.840967741935486,345,30,0
14024,327.7,2,20.48125,150,16,0
14027,104.82,1,17.47,62,6,0
14029,467.66,2,31.177333333333333,198,15,0
14030,2358.84,8,9.747272727272728,1478,210,1
14031,17286.86,19,69.14744,5788,119,1
14032,2975.59,11,20.80832167832168,2032,56,1
14034,648.89,3,7.545232558139535,420,82,0
14035,1428.02,5,21.636666666666667,739,42,0
14036,626.65,1,16.49078947368421,268,38,0
14037,147.20000000000002,2,5.257142857142858,46,27,0
14038,1560.38,3,16.960652173913044,965,66,0
14039,152.2,1,25.366666666666664,92,6,0
14040,3560.32,12,15.547248908296943,1544,149,1
14041,141.41,1,6.733809523809524,94,21,0
14044,646.42,4,3.1379611650485435,304,167,0
14045,1659.75,4,276.625,535,4,0
14046,154.99,1,11.070714285714287,460,14,0
14047,1308.6100000000001,5,40.894062500000004,381,22,0
14048,409.93,1,4.822705882352941,288,83,0
14049,5578.72,4,11.670962343096235,3808,349,1
14050,746.36,2,13.821481481481483,689,49,0
14051,15610.390000000001,23,74.33519047619048,3756,54,1
14052,225.35999999999999,1,4.024285714285714,89,56,0
14053,260.25,2,65.0625,215,2,0
14054,92.46000000000001,1,15.410000000000002,62,6,0
14055,725.6400000000001,1,72.56400000000001,216,10,0
14056,8152.71,23,7.493299632352941,4252,331,1
14057,6211.66,17,21.949328621908126,4873,180,1
14059,183.6,1,22.95,128,8,0
14060,6140.42,19,30.39811881188119,5386,88,1
14062,10464.85,12,94.27792792792793,5593,62,1
14064,1334.34,5,17.329090909090908,1772,59,0
14066,152.55,1,21.792857142857144,45,7,0
14067,374.7,2,7.2057692307692305,361,51,0
14068,265.85,1,11.077083333333334,73,22,0
14071,1437.57,8,4.450681114551084,994,271,0
14073,151.04,1,11.618461538461538,130,13,0
14075,942.26,3,21.913023255813954,754,33,0
14076,118.67,1,2.6970454545454547,79,43,0
14077,499.42,5,11.890952380952381,268,33,0
14078,1049.37,6,16.144153846153845,310,46,0
14079,375.1,1,31.258333333333336,301,12,0
14080,45.599999999999994,1,11.399999999999999,48,4,0
14081,921.62,2,6.1441333333333334,592,126,0
14082,182.25,1,6.2844827586206895,110,28,0
14083,1002.9,9,5.6661016949152545,705,162,0
14085,4421.29,18,9.868950892857143,3177,274,1
14087,191.47,1,2.8157352941176472,250,61,0
14088,50491.81,13,85.7246349745331,12665,381,1
14089,158.75,1,12.211538461538462,133,13,0
14090,76.32000000000001,1,76.32000000000001,72,1,0
14092,4076.9100000000003,14,19.050981308411217,2066,117,1
14093,433.86,1,4.3386000000000005,391,95,0
14096,65164.79,17,12.749909998043435,16352,1129,1
14098,147.35,1,7.016666666666667,104,21,0
14099,3104.17,11,12.41668,2179,169,1
14100,191.95,1,7.678,63,24,0
14101,5976.79,6,170.76542857142857,6942,16,1
14102,1105.8799999999999,5,19.066896551724135,769,35,0
14104,216.21,2,10.295714285714286,72,21,0
14105,1266.23,1,17.111216216216217,800,74,0
14107,2703.23,7,21.977479674796747,1793,61,1
14108,597.91,2,17.585588235294118,381,33,0
14109,144.2,1,16.022222222222222,88,9,0
14110,5683.15,12,36.66548387096774,2445,94,1
14111,692.85,4,69.285,458,10,0
14112,2915.15,7,18.2196875,1651,120,1
14113,1840.42,4,54.13,745,26,1
14114,386.53,2,25.768666666666665,101,15,0
14116,1382.74,5,19.204722222222223,707,61,0
14117,90.0,1,30.0,72,3,0
14121,2780.15,4,17.485220125786164,2082,148,1
14124,419.58,1,83.916,1618,4,0
14125,2720.63,3,16.38933734939759,1628,159,1
14126,706.1300000000001,3,47.07533333333334,508,14,0
14127,709.71,3,16.129772727272726,321,39,0
14128,637.5,2,13.858695652173912,564,40,0
14129,1123.8600000000001,5,21.61269230769231,592,35,0
14130,480.91,1,7.286515151515152,257,66,0
14132,3586.03,11,17.93015,3368,99,1
14133,605.64,3,21.63,348,26,0
14135,4690.31,15,35.00231343283583,3850,96,1
14138,965.88,2,20.997391304347826,600,40,0
14139,415.82,1,15.993076923076924,510,26,0
14140,935.05,2,14.167424242424241,811,60,0
14141,915.13,4,22.87825,355,27,0
14142,311.81,1,14.173181818181819,313,22,0
14143,115.8,1,16.54285714285714,30,7,0
14145,3742.2,4,340.2,756,6,1
14146,4191.0,5,19.957142857142856,2437,184,1
14147,483.4,2,96.67999999999999,108,4,0
14148,157.2,1,52.4,16,3,0
14149,446.62,1,15.950714285714286,218,28,0
14150,658.64,2,25.33230769230769,496,23,0
14152,621.29,2,12.67938775510204,711,47,0
14154,1345.62,2,25.87730769230769,465,52,0
14155,118.75,1,19.791666666666668,25,6,0
14156,117210.08,55,84.02156272401434,57768,730,1
14157,424.89000000000004,2,9.236739130434783,271,45,0
14158,507.65999999999997,1,12.381951219512194,781,41,0
14159,4630.35,11,3.9407234042553196,4348,507,1
14161,1097.6200000000001,3,10.554038461538463,450,87,0
14162,289.36,2,11.5744,142,25,0
14163,2445.91,4,47.036730769230765,893,36,1
14164,1631.77,2,56.26793103448276,1033,28,0
14165,120.44,1,5.0183333333333335,53,23,0
14167,562.59,4,11.251800000000001,147,27,0
14171,363.79,1,6.272241379310345,167,57,0
14173,450.84,4,15.546206896551723,150,28,0
14174,134.46,1,5.171538461538462,94,26,0
14175,3222.3,3,21.626174496644296,1515,139,1
14176,576.9000000000001,4,18.609677419354842,209,28,0
14177,549.46,4,13.401463414634147,204,37,0
14178,1600.26,7,5.032264150943396,1494,191,0
14179,701.57,2,4.46859872611465,319,135,0
14180,4748.52,25,19.785500000000003,719,111,1
14184,452.89,1,18.870416666666667,127,24,0
14185,197.65,1,65.88333333333334,6,3,0
14188,2054.36,6,31.605538461538462,1162,36,1
14189,4654.08,15,17.56256603773585,3937,177,1
14191,4684.76,13,18.08787644787645,3662,145,1
14193,853.39,2,20.318809523809524,445,35,0
14194,11349.52,21,19.601934369602763,5840,274,1
14195,1012.0,2,144.57142857142858,760,7,0
14196,335.52,1,55.919999999999995,142,6,0
14198,701.4,4,17.984615384615385,290,36,0
14199,185.39999999999998,1,92.69999999999999,28,2,0
14201,747.44,7,20.20108108108108,590,32,0
14204,150.61,1,3.861794871794872,72,36,0
14205,466.7,2,19.445833333333333,204,23,0
14206,328.15999999999997,1,16.407999999999998,276,20,0
14208,151.74,1,15.174000000000001,114,10,0
14209,2073.43,6,23.83252873563218,691,56,1
14210,1905.8400000000001,6,18.684705882352944,760,65,1
14211,2241.1,9,20.009821428571428,1242,87,1
14212,1070.48,1,118.94222222222223,1152,9,0
14214,1004.38,5,14.990746268656716,751,64,0
14215,1789.72,6,16.57148148148148,1358,98,1
14216,1839.3,4,31.17457627118644,594,47,1
14217,2004.98,17,20.0498,689,78,1
14218,169.48000000000002,1,14.123333333333335,160,12,0
14219,89.94,1,12.848571428571429,78,7,0
14220,632.4000000000001,2,30.114285714285717,272,21,0
14221,3432.8,9,17.78652849740933,2191,123,1
14222,683.17,1,16.662682926829266,607,41,0
14223,991.13,3,16.518833333333333,585,50,0
14224,1009.73,4,8.93566371681416,483,105,0
14226,2214.79,5,33.55742424242424,1296,64,1
14227,3350.96,10,19.148342857142858,1820,118,1
14229,1547.2,3,38.68,610,29,0
14231,925.71,3,18.514200000000002,409,47,0
14232,2048.07,5,17.80930434782609,1941,81,1
14233,1462.72,4,41.792,680,30,0
14234,754.12,4,5.130068027210885,951,122,0
14235,3144.86,5,39.80835443037975,1959,66,1
14236,490.86,2,32.724000000000004,310,15,0
14237,161.0,1,17.88888888888889,38,9,0
14238,146.85,1,18.35625,111,8,0
14239,2380.85,11,21.257589285714285,993,83,1
14240,890.34,2,21.19857142857143,418,38,0
14241,213.70000000000002,1,21.37,146,10,0
14242,280.55,2,17.534375,123,13,0
14243,2588.77,10,18.360070921985816,1221,99,1
14245,1693.45,2,15.680092592592594,976,107,1
14246,1474.06,3,19.654133333333334,804,57,0
14247,136.77,1,6.838500000000001,47,19,0
14248,302.58,1,37.8225,102,8,0
14250,1904.05,3,17.153603603603603,1200,94,1
14251,2879.7000000000003,5,36.91923076923077,1674,37,1
14256,969.0600000000001,2,18.284150943396227,414,51,0
14257,3099.7200000000003,5,29.242641509433966,1682,88,1
14258,12669.98,9,114.14396396396396,7100,59,1
14259,120.0,1,24.0,68,5,0
14261,1163.45,2,22.37403846153846,406,52,0
14262,2618.23,8,18.3093006993007,1645,88,1
14264,333.97,2,19.64529411764706,70,15,0
14265,530.18,2,17.10258064516129,330,31,0
14267,1516.24,3,27.568,530,25,0
14270,492.65000000000003,1,16.98793103448276,197,29,0
14271,112.32000000000001,1,11.232000000000001,88,10,0
14272,437.96,2,13.271515151515151,599,33,0
14273,559.97,4,19.309310344827587,264,22,0
14276,1119.74,3,17.4959375,744,55,0
14277,4188.0,3,18.864864864864863,1976,195,1
14280,134.04,1,16.755,52,8,0
14282,3701.44,15,24.035324675324677,2656,73,1
14284,595.25,2,18.6015625,161,24,0
14285,1910.01,4,70.74111111111111,541,18,1
14286,4628.75,3,16.53125,4338,221,1
14287,176.63,3,19.625555555555554,261,9,0
14288,426.6,1,26.6625,188,16,0
14289,911.26,6,19.388510638297873,292,34,0
14290,2314.65,5,22.917326732673267,915,89,1
14291,3883.25,11,16.385021097046412,2749,145,1
14292,4871.93,9,48.719300000000004,1663,65,1
14293,1046.56,4,17.15672131147541,709,52,0
14295,166.20000000000002,1,33.24,84,5,0
14297,1305.33,4,21.053709677419352,865,48,0
14298,51527.3,44,31.476664630421503,58343,891,1
14299,3965.62,9,27.73160839160839,2149,95,1
14300,43.2,1,14.4,32,3,0
14301,640.14,1,49.24153846153846,606,13,0
14304,383.45,1,22.555882352941175,139,17,0
14305,1858.96,3,17.70438095238095,1089,96,1
14306,2093.32,2,63.4339393939394,1075,33,1
14307,2995.7200000000003,6,16.64288888888889,2058,150,1
14309,2352.53,9,20.10709401709402,1633,74,1
14311,310.26,1,15.513,146,20,0
14312,1611.5900000000001,6,18.52402298850575,1012,74,0
14314,120.0,1,15.0,296,8,0
14315,2481.13,6,24.565643564356435,1021,64,1
14317,508.58,1,21.190833333333334,255,24,0
14320,477.79,2,15.412580645161292,325,29,0
14321,1530.75,5,12.445121951219512,2406,111,0
14323,605.0600000000001,2,16.807222222222222,350,32,0
14326,183.85,1,22.98125,103,8,0
14327,311.65000000000003,1,25.970833333333335,139,12,0
14329,4975.24,7,19.28387596899225,3087,220,1
14331,462.66,2,16.52357142857143,252,27,0
14332,840.21,3,33.6084,463,22,0
14333,415.2,1,27.68,58,15,0
14334,2552.21,8,15.754382716049383,1731,99,1
14335,454.86,2,7.581,375,55,0
14336,1614.91,4,17.943444444444445,1759,77,0
14338,588.22,2,18.97483870967742,335,30,0
14339,309.52000000000004,1,22.10857142857143,168,14,0
14340,134.7,1,22.45,58,6,0
14341,2166.98,8,16.92953125,1397,109,1
14342,668.5600000000001,4,31.836190476190477,347,18,0
14344,889.9300000000001,8,12.534225352112676,477,56,0
14345,108.98,1,18.163333333333334,50,6,0
14346,1021.58,2,17.026333333333334,605,55,0
14348,409.57,1,22.753888888888888,183,18,0
14349,133.5,1,4.306451612903226,86,31,0
14350,282.93,1,15.718333333333334,183,18,0
14351,51.0,1,51.0,12,1,0
14352,1078.96,4,22.95659574468085,538,44,0
14353,90.6,1,15.1,64,6,0
14354,163.62,2,18.18,210,9,0
14355,174.4,1,15.854545454545455,92,11,0
14356,701.23,2,21.24939393939394,277,33,0
14357,225.12,1,5.628,147,39,0
14359,912.1800000000001,3,16.585090909090912,371,44,0
14360,2118.03,4,18.102820512820514,1139,104,1
14362,151.5,1,4.094594594594595,96,37,0
14364,3717.35,8,53.87463768115942,1967,62,1
14367,9227.82,16,17.711746641074857,4426,272,1
14368,155.0,1,19.375,36,8,0
14371,100.5,1,25.125,34,4,0
14373,76.55,1,19.1375,17,4,0
14375,235.56,1,3.5690909090909093,184,57,0
14377,617.05,2,56.095454545454544,219,11,0
14379,348.1,2,7.567391304347827,292,40,0
14381,202.68,1,3.619285714285714,146,56,0
14382,615.49,1,4.88484126984127,1231,121,0
14383,1247.69,3,21.14728813559322,817,49,0
14385,202.10999999999999,3,14.43642857142857,159,13,0
14386,142.4,1,20.342857142857145,54,7,0
14387,1727.6,3,12.428776978417266,795,125,1
14388,3212.84,8,17.273333333333333,1941,126,1
14389,1043.46,2,23.188000000000002,729,33,0
14390,4642.57,9,16.347077464788732,2133,140,1
14393,67.95,1,13.59,13,5,0
14395,3479.91,9,9.999741379310345,1689,184,1
14396,487.99,2,6.684794520547945,225,71,0
14397,2612.96,19,30.034022988505747,1890,18,1
14400,574.7,1,22.988000000000003,454,25,0
14401,4051.48,13,22.26087912087912,4507,114,1
14403,1475.81,4,73.7905,519,17,0
14404,1449.32,6,14.4932,827,70,0
14406,156.75,1,19.59375,77,8,0
14407,2157.73,6,29.557945205479452,1415,67,1
14408,2599.03,7,24.519150943396227,1610,61,1
14409,2059.4500000000003,6,38.137962962962966,1230,40,1
14410,1100.27,9,5.821534391534391,567,153,0
14411,1063.0,1,75.92857142857143,196,14,0
14412,770.03,2,17.90767441860465,786,43,0
14413,121.05,1,5.502272727272727,67,22,0
14414,1496.98,7,15.432783505154639,2512,79,0
14415,5855.57,13,10.113246977547496,2996,288,1
14416,490.22,2,35.01571428571429,326,13,0
14418,1937.25,3,15.622983870967742,1711,114,1
14419,1051.79,6,5.206881188118811,483,112,0
14420,387.52,1,13.362758620689654,334,29,0
14421,813.11,2,30.115185185185187,365,25,0
14422,4263.64,6,19.205585585585588,2906,189,1
14423,265.2,1,88.39999999999999,120,3,0
14424,322.08,1,322.08,48,1,0
14426,4481.67,10,20.007455357142856,2699,183,1
14427,363.34000000000003,2,21.37294117647059,228,16,0
14428,1224.06,5,8.934744525547444,428,108,0
14431,470.36,1,27.668235294117647,130,17,0
14432,2248.5,6,5.964190981432361,2013,256,1
14434,1372.8,6,114.39999999999999,368,3,0
14436,89.06,1,9.895555555555555,129,9,0
14437,63.0,1,12.6,60,5,0
14438,131.9,1,14.655555555555557,82,9,0
14439,2661.24,1,83.16375,526,32,1
14440,2357.68,5,42.86690909090909,588,34,1
14441,1712.89,4,33.58607843137255,446,43,1
14442,1589.82,2,25.235238095238095,482,58,0
14443,1420.2,4,15.270967741935484,938,84,0
14446,1010.35,4,3.6474729241877255,916,236,0
14447,1163.23,5,16.617571428571427,571,59,0
14448,375.35,2,18.767500000000002,104,20,0
14449,885.8,4,3.5431999999999997,741,203,0
14450,483.25,3,12.08125,241,32,0
14451,643.9,2,6.132380952380952,378,86,0
14452,259.05,2,4.3175,116,55,0
14453,119.93,1,5.451363636363637,49,22,0
14456,3017.28,9,3.1861457233368533,2885,582,1
14457,113.64,1,28.41,88,4,0
14459,1837.92,1,49.67351351351351,760,37,1
14460,434.34,3,27.14625,881,14,0
14461,2103.06,3,11.683666666666666,766,173,1
14462,1980.57,11,8.500300429184549,956,150,1
14463,529.62,3,88.27,179,6,0
14465,1038.44,3,8.44260162601626,398,107,0
14466,2272.4,7,31.561111111111114,1006,37,1
14467,596.26,4,6.699550561797753,276,67,0
14470,461.19,2,10.725348837209303,193,43,0
14472,1852.67,8,6.991207547169812,1135,153,1
14473,234.34,2,33.47714285714286,88,7,0
14474,547.66,1,18.884827586206896,140,29,0
14475,925.85,3,22.04404761904762,447,35,0
14476,193.0,1,11.352941176470589,110,17,0
14477,1309.6,4,130.95999999999998,720,7,0
14479,316.25,2,17.569444444444443,117,18,0
14480,279.05,1,21.465384615384615,143,13,0
14481,636.51,2,21.217,489,25,0
14482,2022.81,6,14.765036496350364,1627,110,1
14483,137.1,1,15.233333333333333,97,9,0
14484,321.92,1,22.994285714285716,210,14,0
14485,162.8,1,3.539130434782609,70,44,0
14487,1165.48,6,8.324857142857143,712,112,0
14488,1064.28,1,23.136521739130433,799,46,0
14489,463.38,1,15.446,299,30,0
14491,340.93,2,20.05470588235294,139,17,0
14493,2383.2400000000002,5,19.860333333333337,1285,95,1
14494,139.56,1,19.937142857142856,92,7,0
14495,123.80000000000001,2,20.633333333333336,62,6,0
14496,538.8100000000001,2,28.35842105263158,159,16,0
14497,475.37,1,16.392068965517243,235,29,0
14498,1957.32,5,10.141554404145078,1098,161,1
14499,808.44,3,4.254947368421053,496,147,0
14500,356.85,3,50.978571428571435,117,6,0
14501,251.21,2,25.121000000000002,161,9,0
14502,2429.83,11,3.9964309210526316,1480,369,1
14503,3543.26,6,21.605243902439025,2004,113,1
14504,673.26,4,6.2921495327102805,308,85,0
14505,5859.43,8,7.464242038216561,2739,543,1
14506,1960.65,5,6.6462711864406785,704,205,1
14507,1367.88,6,14.398736842105265,594,79,0
14508,268.05,2,4.873636363636364,129,52,0
14511,1314.81,5,19.33544117647059,784,54,0
14512,275.28,2,11.968695652173912,122,19,0
14513,455.59000000000003,3,37.965833333333336,361,11,0
14514,990.2,3,14.35072463768116,564,65,0
14515,2076.89,6,21.192755102040817,1110,69,1
14517,330.45,2,18.358333333333334,91,17,0
14518,174.37,1,10.898125,278,16,0
14520,270.6,2,67.65,146,3,0
14522,974.54,4,57.32588235294117,525,16,0
14523,241.09,1,20.090833333333332,251,12,0
14524,1843.83,9,9.359543147208122,669,162,1
14525,4215.9,9,14.95,2637,218,1
14527,8507.13,55,8.761204943357363,2088,337,1
14528,364.21999999999997,1,20.234444444444442,278,18,0
14529,578.61,3,2.7164788732394367,325,177,0
14530,2862.11,6,13.437136150234743,1395,141,1
14532,932.85,4,14.57578125,284,45,0
14533,1949.72,7,31.44709677419355,4019,53,1
14534,4397.3,18,8.656102362204726,2027,335,1
14535,2854.84,3,8.70378048780488,1824,281,1
14536,170.95,1,9.497222222222222,39,18,0
14537,355.56,1,35.556,120,10,0
14538,388.25,2,20.43421052631579,155,19,0
14539,537.48,2,16.79625,428,31,0
14540,952.66,3,13.417746478873239,411,64,0
14541,1453.35,8,13.84142857142857,641,71,0
14542,103.25,1,20.65,19,5,0
14543,3599.73,16,50.70042253521127,675,43,1
14544,2004.3,2,18.056756756756755,1536,98,1
14546,2573.93,5,6.48345088161209,1313,252,1
14547,3974.75,8,11.196478873239437,2639,199,1
14548,652.8,2,163.2,256,2,0
14549,289.24,1,5.165,136,56,0
14550,757.37,2,16.114255319148935,389,38,0
14551,186.23,2,18.622999999999998,106,9,0
14552,164.22,1,2.8810526315789473,90,57,0
14553,859.27,5,7.604159292035398,493,105,0
14554,2279.4900000000002,4,11.229014778325125,1443,147,1
14555,312.54,2,16.449473684210528,122,18,0
14557,788.38,1,49.27375,510,16,0
14560,2237.77,22,30.240135135135134,1260,40,1
14561,1080.76,3,15.6631884057971,1014,67,0
14562,5006.77,18,11.949331742243437,1815,190,1
14565,3099.12,4,24.40251968503937,1540,111,1
14566,1432.0,1,358.0,800,4,0
14567,1530.3600000000001,2,46.374545454545455,412,33,0
14569,227.39,1,18.949166666666667,79,10,0
14570,218.06,2,7.519310344827586,95,29,0
14572,2804.54,7,10.704351145038167,1420,191,1
14573,1639.82,9,7.223876651982379,534,127,0
14576,35.400000000000006,1,35.400000000000006,12,1,0
14577,859.71,4,6.989512195121952,353,88,0
14578,168.63,1,7.02625,240,24,0
14581,138.6,1,8.152941176470588,217,16,0
14582,114.11,1,19.018333333333334,73,6,0
14583,986.96,5,3.2680794701986757,751,244,0
14584,1033.06,4,10.54142857142857,381,68,0
14585,157.05,1,5.415517241379311,91,29,0
14586,237.35999999999999,1,12.492631578947368,444,19,0
14587,1580.29,9,4.259541778975741,749,175,0
14589,39.75,1,13.25,5,3,0
14591,1320.21,4,7.501193181818182,1228,139,0
14592,557.94,3,3.5312658227848104,407,132,0
14593,617.15,3,4.087086092715231,330,129,0
14594,363.33,2,6.987115384615384,183,48,0
14595,1740.6000000000001,6,17.064705882352943,978,94,1
14597,866.24,2,18.430638297872342,566,45,0
14598,221.97,1,4.4394,189,49,0
14600,393.33000000000004,1,15.733200000000002,125,25,0
14601,213.96,1,30.565714285714286,168,7,0
14603,660.0,1,330.0,400,2,0
14606,12076.15,93,4.511075831154277,6187,826,1
14607,16209.5,14,200.1172839506173,11526,38,1
14608,1785.15,4,89.25750000000001,437,8,1
14609,601.56,4,150.39,7026,2,0
14616,406.08000000000004,3,135.36,104,2,0
14618,553.44,3,34.59,264,10,0
14619,394.44,1,19.722,152,20,0
14620,412.78000000000003,2,15.876153846153848,214,26,0
14621,1788.3600000000001,5,19.438695652173916,993,80,1
14622,320.58000000000004,1,15.265714285714287,146,21,0
14623,886.7,5,6.666917293233083,418,107,0
14624,225.85,2,17.373076923076923,162,13,0
14625,899.63,2,16.974150943396225,335,51,0
14626,2791.27,4,22.87926229508197,1403,108,1
14628,671.96,2,27.998333333333335,272,22,0
14629,955.26,2,6.3684,378,133,0
14631,1006.98,3,24.56048780487805,622,38,0
14632,114.56,1,14.32,96,8,0
14633,344.90000000000003,1,17.245,96,20,0
14636,609.85,2,21.780357142857145,241,27,0
14638,443.6,1,27.725,166,16,0
14639,2984.4900000000002,6,17.35168604651163,1431,140,1
14640,2107.38,6,20.070285714285717,880,87,1
14641,110.46000000000001,1,15.780000000000001,90,7,0
14642,96.12,1,48.06,76,2,0
14643,693.8100000000001,2,22.380967741935486,815,29,0
14644,830.76,2,31.95230769230769,258,26,0
14645,597.09,2,19.903000000000002,381,28,0
14646,280206.02,73,134.97399807321773,196915,718,1
14647,236.04000000000002,1,8.430000000000001,91,24,0
14649,1402.59,4,7.5408064516129025,1004,149,0
14651,653.75,2,6.4727722772277225,343,95,0
14652,114.18,1,3.937241379310345,53,29,0
14653,1926.65,7,8.233547008547008,945,156,1
14655,1932.23,4,39.43326530612245,1089,35,1
14656,291.05,2,3.638125,120,73,0
14657,848.22,4,6.7319047619047625,466,103,0
14658,247.15,2,8.522413793103448,47,28,0
14659,2529.93,9,9.999723320158102,1195,152,1
14660,285.74,2,9.524666666666667,228,24,0
14661,107.95,1,26.9875,35,4,0
14662,741.37,4,4.722101910828026,578,143,0
14664,636.24,2,6.492244897959184,465,78,0
14665,1835.7,5,20.39666666666667,740,63,1
14666,195.25,1,13.946428571428571,161,14,0
14667,9175.04,25,16.18172839506173,5319,356,1
14669,1259.24,3,7.58578313253012,770,158,0
14670,392.86,2,3.1939837398373987,326,107,0
14672,765.5500000000001,2,12.55,454,58,0
14673,1736.4,5,23.464864864864865,1004,39,1
14675,596.36,1,6.148041237113402,336,93,0
14676,2548.2400000000002,6,60.672380952380955,2500,29,1
14680,28754.11,16,111.45003875968993,13476,78,1
14681,498.95,3,71.27857142857142,76,6,0
14682,52.0,2,26.0,80,1,0
14684,1201.51,5,3.080794871794872,821,230,0
14687,628.38,1,41.892,470,15,0
14688,5579.1,21,17.219444444444445,3584,151,1
14689,112.80000000000001,1,8.676923076923078,76,13,0
14690,355.05,2,7.3968750000000005,167,40,0
14691,2114.33,5,29.779295774647885,707,52,1
14692,591.55,4,8.699264705882353,265,54,0
14693,172.9,1,21.6125,34,8,0
14696,2078.95,7,15.991923076923076,1630,117,1
14697,188.61,2,8.57318181818182,181,22,0
14698,1217.27,5,6.0863499999999995,602,148,0
14699,109.13000000000001,1,13.641250000000001,77,8,0
14700,2195.1,3,19.599107142857143,1314,80,1
14701,2526.09,9,7.725045871559633,921,269,1
14702,3251.79,17,9.508157894736842,1439,197,1
14703,318.17,1,14.462272727272728,183,22,0
14704,1493.96,9,3.8014249363867685,1043,288,0
14705,179.0,1,179.0,100,1,0
14708,1126.3700000000001,3,40.227500000000006,621,25,0
14709,4921.04,13,25.10734693877551,2484,72,1
14710,599.48,4,4.4079411764705885,375,124,0
14711,2839.62,11,8.230782608695652,966,222,1
14712,917.07,3,36.6828,315,21,0
14713,2662.2,11,7.876331360946745,1613,148,1
14714,160.19,1,16.019,229,10,0
14715,867.38,4,12.21661971830986,521,60,0
14716,307.51,2,6.029607843137255,495,45,0
14719,1581.84,5,6.731234042553191,1025,177,0
14720,663.81,3,17.94081081081081,219,34,0
14722,180.42,1,6.4435714285714285,118,28,0
14723,1122.36,6,4.333436293436293,673,193,0
14725,655.58,1,13.948510638297874,588,45,0
14727,268.58,1,26.857999999999997,62,10,0
14729,313.49,1,4.415352112676056,197,69,0
14730,1897.57,8,4.107294372294372,1078,317,1
14731,380.02,3,8.444888888888888,256,38,0
14732,2702.4900000000002,8,18.384285714285717,1405,105,1
14733,9585.91,12,47.455,3764,103,1
14735,6065.6900000000005,32,31.266443298969076,2264,104,1
14737,1164.55,3,68.50294117647059,345,15,0
14738,1314.45,7,24.34166666666667,601,39,0
14739,3902.28,7,65.038,3820,47,1
14740,1448.21,3,16.272022471910113,735,85,0
14741,1400.3400000000001,6,23.734576271186445,841,35,0
14744,1099.98,7,42.30692307692308,627,21,0
14745,1220.26,5,17.684927536231886,1038,46,0
14747,328.2,1,18.233333333333334,84,18,0
14748,1415.75,5,15.907303370786517,1223,87,0
14752,389.64000000000004,1,77.92800000000001,260,5,0
14753,563.15,1,18.771666666666665,211,30,0
14754,638.05,2,15.562195121951218,486,38,0
14755,5010.28,11,21.320340425531914,2219,129,1
14756,738.96,1,19.446315789473687,416,38,0
14757,420.5,1,22.13157894736842,160,19,0
14758,1484.06,4,20.90225352112676,419,54,0
14759,1625.97,3,15.940882352941177,569,92,0
14760,89.2,1,17.84,40,5,0
14761,255.9,2,23.263636363636365,118,11,0
14762,300.52,1,14.310476190476189,341,21,0
14764,278.3,1,46.38333333333333,190,6,0
14765,254.11,3,6.515641025641026,135,38,0
14766,2473.37,6,18.321259259259257,1349,112,1
14768,192.60000000000002,2,38.52,52,4,0
14769,10416.98,8,9.808832391713747,7239,724,1
14770,876.4200000000001,2,16.85423076923077,490,49,0
14772,139.26,1,15.473333333333333,82,9,0
14775,1011.9,3,16.865,1174,57,0
14776,2538.2999999999997,11,21.694871794871794,3134,44,1
14778,730.86,2,20.881714285714285,306,34,0
14779,386.15,3,9.418292682926829,84,39,0
14780,447.68,2,16.58074074074074,310,26,0
14782,200.10000000000002,1,33.35,114,6,0
14784,289.99,2,19.332666666666668,237,15,0
14785,77.4,2,25.8,84,2,0
14788,679.44,2,22.648000000000003,421,26,0
14789,197.64,1,32.94,116,6,0
14790,745.06,4,16.19695652173913,699,30,0
14792,6.2,1,3.1,2,2,0
14793,228.99,1,16.356428571428573,91,14,0
14794,1319.91,7,16.498875,673,68,0
14795,131.45000000000002,1,21.908333333333335,17,6,0
14796,7975.49,17,7.045485865724381,5995,408,1
14798,173.74,3,14.478333333333333,150,11,0
14799,157.7,1,12.13076923076923,146,13,0
14800,4331.79,12,11.310156657963446,3644,248,1
14801,189.34,1,3.3217543859649123,173,56,0
14803,845.5500000000001,3,19.217045454545456,370,35,0
14804,353.27,1,29.439166666666665,121,12,0
14805,546.4,4,11.878260869565217,114,30,0
14806,193.39000000000001,1,17.580909090909092,330,11,0
14808,2718.6,8,11.768831168831168,2120,176,1
14810,2085.33,11,8.209960629921259,1015,109,1
14813,152.88,2,5.2717241379310344,66,25,0
14815,778.5,2,14.68867924528302,744,53,0
14816,271.85,1,67.9625,5,4,0
14817,1110.34,2,17.624444444444443,655,52,0
14818,657.8,3,13.704166666666666,324,41,0
14819,272.07,2,20.928461538461537,109,13,0
14820,507.29,4,17.492758620689656,253,24,0
14821,48.800000000000004,1,24.400000000000002,20,2,0
14823,321.43,3,4.591857142857143,88,56,0
14824,1127.71,4,38.88655172413793,525,19,0
14825,2221.01,12,18.50841666666667,989,83,1
14828,2139.76,3,125.86823529411765,2172,17,1
14829,697.55,4,16.60833333333333,452,39,0
14830,188.88,1,4.843076923076923,164,39,0
14834,1720.3,6,25.676119402985073,734,43,1
14836,102.45,3,17.075,45,5,0
14837,1649.5,4,15.273148148148149,1436,96,0
14840,62.85,1,15.7125,31,4,0
14841,3295.76,6,23.88231884057971,1778,104,1
14842,2824.69,4,19.480620689655172,1166,129,1
14844,3189.81,4,24.537,1833,87,1
14847,309.40000000000003,1,23.800000000000004,120,13,0
14849,7930.54,25,20.439536082474227,5694,163,1
14850,325.75,1,15.511904761904763,293,21,0
14851,511.35,2,18.2625,325,28,0
14852,2836.69,6,19.83699300699301,1747,96,1
14853,475.8,2,52.86666666666667,82,8,0
14854,2740.03,7,21.746269841269843,1820,110,1
14855,645.65,2,32.2825,267,13,0
14856,1290.53,3,19.854307692307692,711,65,0
14857,1173.1200000000001,2,19.552000000000003,464,58,0
14859,1353.74,4,23.340344827586208,671,48,0
14860,170.32,1,15.483636363636363,232,11,0
14861,125.79,1,20.965,117,6,0
14862,841.2,2,17.525000000000002,772,47,0
14863,266.76,1,24.25090909090909,132,11,0
14865,52.2,2,13.05,108,4,0
14866,14389.9,12,145.35252525252525,6752,30,1
14867,710.28,3,19.73,328,31,0
14868,2953.59,8,20.511041666666667,1405,97,1
14869,721.45,2,10.306428571428572,549,66,0
14870,327.25,1,25.173076923076923,119,13,0
14871,501.28000000000003,4,5.390107526881721,179,69,0
14873,519.68,1,18.56,168,28,0
14875,1465.32,2,31.17702127659574,558,46,0
14878,1476.09,9,12.099098360655738,799,63,0
14880,690.59,3,15.012826086956522,365,45,0
14881,255.4,1,15.023529411764706,316,17,0
14882,589.7,2,53.60909090909092,158,6,0
14883,761.59,6,14.369622641509434,790,40,0
14885,765.3199999999999,1,51.02133333333333,724,15,0
14886,364.8,1,20.266666666666666,160,18,0
14887,1862.0,1,310.3333333333333,1100,6,1
14888,369.2,1,18.46,184,20,0
14889,135.9,1,13.59,90,10,0
14890,125.65,1,17.95,51,7,0
14891,554.38,2,16.79939393939394,505,30,0
14893,1237.8500000000001,2,16.956849315068496,799,72,0
14894,655.75,1,28.51086956521739,265,23,0
14895,11138.710000000001,20,22.366887550200804,4851,281,1
14896,468.77000000000004,2,10.901627906976746,279,43,0
14897,1366.38,4,24.84327272727273,468,43,0
14898,1269.31,6,11.645045871559633,1001,87,0
14901,1421.29,9,14.805104166666666,661,73,0
14902,332.66,1,16.633000000000003,218,20,0
14903,2795.33,5,7.986657142857142,1531,229,1
14904,1025.44,2,14.86144927536232,1985,66,0
14905,616.15,2,36.24411764705882,287,14,0
14907,3501.1,7,21.21878787878788,1691,126,1
14908,277.8,1,30.866666666666667,132,9,0
14910,434.35,4,14.478333333333333,238,25,0
14911,143711.17,201,25.345885361552032,80240,1816,1
14912,867.85,2,32.14259259259259,971,22,0
14913,1227.43,4,14.108390804597702,1743,75,0
14915,307.48,2,25.623333333333335,112,12,0
14916,1268.98,4,16.48025974025974,1136,71,0
14918,1610.15,2,35.781111111111116,675,39,0
14920,977.77,2,17.153859649122808,509,57,0
14921,1316.07,2,16.872692307692308,953,78,0
14923,749.1,1,17.025000000000002,418,44,0
14924,310.05,1,31.005000000000003,64,10,0
14929,223.88,1,20.35272727272727,136,11,0
14930,2362.96,3,18.605984251968504,1160,116,1
14931,1257.68,5,30.675121951219513,417,30,0
14932,363.53,1,21.384117647058822,80,17,0
14934,1890.94,2,21.734942528735633,1042,68,1
14935,1784.71,1,178.471,935,10,1
14936,8137.02,8,22.35445054945055,4085,213,1
14937,1621.88,3,47.70235294117647,484,33,0
14944,5900.25,12,34.707352941176474,2815,101,1
14946,100.9,1,33.63333333333333,22,3,0
14947,290.82,2,20.77285714285714,179,14,0
14948,1101.97,6,17.491587301587302,673,56,0
14950,371.2,1,19.53684210526316,136,19,0
14951,311.69,1,15.5845,311,20,0
14952,8099.49,11,58.69195652173913,3355,117,1
14953,285.67,1,5.2901851851851855,224,54,0
14954,294.85,1,3.8292207792207793,117,75,0
14957,58.49,1,4.8741666666666665,34,12,0
14958,483.73,3,11.79829268292683,128,33,0
14959,695.42,4,11.786779661016949,494,37,0
14960,221.27,2,8.195185185185185,221,23,0
14961,7044.68,9,22.579102564102566,3708,195,1
14962,126.7,1,25.34,44,5,0
14963,1472.34,5,7.6684375,1159,150,0
14964,206.21,1,15.862307692307693,143,13,0
14965,596.09,2,7.359135802469136,363,80,0
14966,183.02,1,5.08388888888889,179,35,0
14967,463.8,1,77.3,140,6,0
14968,147.59,1,3.988918918918919,127,37,0
14970,1592.06,4,46.825294117647054,250,24,0
14971,1097.98,3,7.083741935483871,639,144,0
14972,114.77,1,6.376111111111111,28,18,0
14973,1314.45,3,41.0765625,369,29,0
14974,89.94,1,5.290588235294117,37,17,0
14975,279.94,1,25.44909090909091,380,11,0
14976,790.86,7,10.984166666666667,234,47,0
14978,1921.3700000000001,5,8.97836448598131,523,136,1
14981,102.12,1,12.765,97,8,0
14984,202.37,2,5.188974358974359,58,37,0
14985,292.01,2,3.5181927710843373,256,78,0
14987,326.4,2,81.6,128,2,0
14988,334.54,1,8.3635,141,40,0
14995,231.98000000000002,2,3.866333333333334,102,53,0
14997,546.1999999999999,3,21.007692307692306,1120,25,0
14998,414.87,2,5.606351351351352,258,70,0
15000,490.52,1,6.37038961038961,218,76,0
15002,1641.76,4,14.276173913043479,862,94,0
15004,1220.77,1,7.927077922077922,623,154,0
15005,6295.37,28,5.661303956834533,4230,366,1
15006,480.38,1,3.639242424242424,286,121,0
15007,156.91,1,13.075833333333334,69,12,0
15009,1259.43,3,6.996833333333334,639,148,0
15010,308.94,1,15.447,184,20,0
15012,405.04,2,3.3200000000000003,225,111,0
15014,257.67,2,7.808181818181819,149,29,0
15016,170.04,1,8.501999999999999,76,20,0
15017,125.58,1,6.279,63,20,0
15018,496.21,3,16.006774193548388,189,30,0
15019,252.81,1,3.8304545454545456,150,64,0
15021,1871.77,9,4.215698198198198,819,288,1
15022,852.39,4,7.044545454545454,527,96,0
15023,6720.41,11,12.152640144665462,2827,348,1
15024,1636.43,10,10.765986842105264,902,105,0
15025,361.96,1,5.402388059701492,184,66,0
15026,469.0,3,7.688524590163935,285,57,0
15027,1066.15,4,30.461428571428574,565,30,0
15028,627.13,4,13.065208333333333,459,36,0
15030,518.28,2,74.03999999999999,372,7,0
15031,653.19,4,5.93809090909091,400,74,0
15032,4959.1,3,95.3673076923077,2968,31,1
15033,2557.18,10,5.104151696606786,1672,314,1
15034,4274.16,8,10.959384615384614,2413,301,1
15035,252.73000000000002,1,9.36037037037037,245,26,0
15036,429.56,3,3.609747899159664,316,107,0
15038,685.74,6,5.48592,212,105,0
15039,19766.59,47,13.38293161814489,9131,417,1
15041,179.93,1,2.7262121212121215,103,65,0
15042,135.93,1,27.186,30,5,0
15043,537.0,1,179.0,300,3,0
15044,7634.7300000000005,17,17.19533783783784,2785,235,1
15045,735.66,2,61.305,114,11,0
15046,5090.42,15,25.32547263681592,3372,147,1
15047,343.62,1,15.61909090909091,222,22,0
15048,381.0,4,4.053191489361702,192,86,0
15049,121.17000000000002,1,40.39000000000001,63,3,0
15050,1737.69,3,22.86434210526316,1216,68,1
15051,1383.36,3,9.741971830985914,1010,130,0
15052,207.73000000000002,1,7.418928571428572,79,27,0
15053,693.95,3,10.057246376811595,984,49,0
15054,302.1,2,2.6500000000000004,198,104,0
15057,1489.5,2,59.58,668,25,0
15058,2102.54,11,7.904285714285714,1054,199,1
15059,1337.72,9,5.644388185654009,604,161,0
15060,294.25,4,2.5586956521739133,257,81,0
15061,54534.14,48,135.32044665012407,28920,72,1
15062,987.86,4,17.330877192982456,763,47,0
15063,370.79999999999995,1,74.16,56,5,0
15065,3158.13,4,20.37503225806452,1383,148,1
15066,893.59,1,21.275952380952383,317,42,0
15067,1744.76,3,21.277560975609756,954,82,1
15068,553.36,2,5.320769230769231,364,96,0
15069,1109.53,1,15.850428571428571,520,70,0
15070,106.2,1,106.2,36,1,0
15071,982.07,2,37.77192307692308,269,25,0
15073,1043.41,3,19.322407407407407,491,31,0
15074,735.67,1,17.943170731707315,431,41,0
15075,773.03,1,28.63074074074074,447,27,0
15076,880.85,1,17.976530612244897,571,49,0
15078,9743.11,32,22.14343181818182,5105,107,1
15079,895.61,4,19.055531914893617,389,46,0
15081,504.8,5,15.296969696969697,190,26,0
15083,88.2,1,17.64,38,5,0
15087,306.94,1,20.462666666666667,470,15,0
15088,1160.07,2,20.352105263157895,460,53,0
15089,2420.84,6,16.69544827586207,1359,139,1
15090,381.32,1,16.57913043478261,208,23,0
15091,480.71,1,16.023666666666667,346,30,0
15092,457.81,2,17.608076923076922,135,23,0
15093,4597.02,6,42.565000000000005,3760,52,1
15095,1370.6000000000001,4,29.161702127659577,1079,30,0
15096,219.39000000000001,1,19.944545454545455,120,11,0
15097,248.08,1,9.923200000000001,170,25,0
15098,39916.5,3,13305.5,121,2,1
15099,410.48,1,17.84695652173913,343,23,0
15100,876.0,3,292.0,80,1,0
15101,317.53000000000003,2,39.691250000000004,241,8,0
15103,703.36,2,20.096,329,35,0
15104,993.54,2,14.828955223880596,635,66,0
15105,2298.93,7,22.76168316831683,1211,90,1
15106,1422.52,5,14.2252,1181,90,0
15107,319.5,6,19.96875,169,12,0
15108,1300.25,4,21.670833333333334,499,50,0
15109,484.95,1,17.319642857142856,131,28,0
15110,996.1,4,28.46,246,18,0
15111,1567.48,3,18.660476190476192,710,70,0
15113,3509.43,3,36.179690721649486,2344,77,1
15114,2760.56,10,14.012994923857867,3096,136,1
15115,340.11,1,16.195714285714285,157,21,0
15116,1352.75,4,30.06111111111111,648,37,0
15117,1551.78,5,19.64278481012658,1948,66,0
15118,244.8,1,244.8,1440,1,0
15119,266.4,1,19.02857142857143,88,14,0
15120,358.82,1,17.086666666666666,296,21,0
15121,457.72,2,16.34714285714286,199,28,0
15122,1633.78,3,19.924146341463413,800,65,0
15123,2199.31,2,20.748207547169812,1195,93,1
15124,184.19,2,12.279333333333334,233,14,0
15125,11528.48,15,90.77543307086614,6193,103,1
15127,406.53000000000003,1,25.408125000000002,251,16,0
15128,1471.0,4,14.42156862745098,1343,75,0
15129,3447.4,11,41.04047619047619,1794,54,1
15130,330.11,1,15.005,197,22,0
15132,977.9300000000001,5,18.806346153846157,679,49,0
15133,982.42,3,33.87655172413793,680,27,0
15134,1387.99,8,19.013561643835615,887,46,0
15135,139.05,1,15.450000000000001,43,9,0
15136,1286.7,4,18.92205882352941,776,61,0
15139,178.96,2,13.766153846153847,208,13,0
15140,2354.25,7,29.428125,1572,74,1
15142,498.74,1,19.182307692307692,365,26,0
15143,259.45,1,18.532142857142855,150,14,0
15144,6580.4400000000005,17,30.32460829493088,3050,133,1
15145,1194.73,4,17.83179104477612,756,54,0
15146,1327.16,2,14.584175824175825,1473,90,0
15147,623.5,1,22.267857142857142,366,28,0
15148,301.29,1,15.0645,187,20,0
15149,520.8000000000001,1,22.643478260869568,128,23,0
15150,5291.33,10,15.517096774193549,3642,283,1
15152,4745.69,13,17.511771217712177,2704,196,1
15153,329.25,1,14.965909090909092,198,22,0
15154,254.28,1,3.581408450704225,89,66,0
15156,961.49,3,17.481636363636365,597,51,0
15157,1936.07,3,15.48856,2392,125,1
15158,401.40000000000003,1,57.34285714285715,198,7,0
15159,18641.010000000002,30,26.254943661971833,11441,368,1
15160,158.16,1,39.54,84,4,0
15163,304.47,2,10.49896551724138,186,29,0
15164,824.58,3,8.164158415841584,351,79,0
15165,487.75,1,18.064814814814813,160,27,0
15167,158.8,1,4.071794871794872,65,39,0
15168,106.56,1,21.312,52,5,0
15171,1289.5,1,257.9,290,5,0
15172,1624.05,5,14.764090909090909,1611,106,0
15174,135.75,1,12.340909090909092,145,11,0
15175,224.14,1,9.745217391304347,454,23,0
15178,40.5,1,13.5,30,3,0
15179,2206.9500000000003,5,23.730645161290326,1938,91,1
15180,87.5,1,14.583333333333334,36,6,0
15181,689.48,3,43.0925,544,11,0
15182,622.85,2,21.477586206896554,253,24,0
15184,402.2,2,6.487096774193549,199,58,0
15185,310.62,1,14.791428571428572,666,21,0
15186,411.41,2,21.653157894736843,215,17,0
15187,4777.18,16,52.49648351648352,1887,64,1
15189,16225.39,41,76.53485849056604,6149,82,1
15192,1044.32,3,20.47686274509804,918,36,0
15193,499.32,1,26.28,144,19,0
15194,7616.53,15,24.569451612903226,5703,209,1
15195,3861.0,1,3861.0,1404,1,1
15197,1079.61,3,33.7378125,469,30,0
15198,193.64,2,19.363999999999997,120,10,0
15199,1268.7,4,97.5923076923077,396,5,0
15201,1236.54,5,17.92086956521739,1210,36,0
15203,1827.8,6,12.871830985915492,1753,84,1
15204,316.58,1,35.175555555555555,258,9,0
15205,653.24,2,17.655135135135136,378,37,0
15206,420.3,4,46.7,162,3,0
15208,870.12,5,20.717142857142857,316,25,0
15210,331.18,1,16.559,228,20,0
15211,894.4100000000001,2,17.20019230769231,240,52,0
15212,101.8,1,20.36,36,5,0
15213,328.35,2,13.68125,272,22,0
15214,1661.44,8,15.104000000000001,1254,109,1
15215,734.94,3,20.998285714285714,225,33,0
15216,96.6,1,48.3,28,2,0
15218,5756.89,11,34.680060240963854,3329,78,1
15219,305.75,1,33.97222222222222,45,9,0
15220,1778.96,6,15.204786324786324,1393,110,1
15221,403.25,1,80.65,43,5,0
15222,585.0,1,117.0,440,5,0
15223,755.75,2,37.7875,213,14,0
15224,322.08,2,23.005714285714284,152,13,0
15225,409.40000000000003,1,17.8,226,23,0
15226,154.41,1,19.30125,71,8,0
15227,1219.4,5,21.024137931034485,750,43,0
15228,3386.71,4,27.09368,2255,110,1
15230,429.6,2,18.678260869565218,351,23,0
15232,612.06,2,19.743870967741934,686,26,0
15234,197.0,1,14.071428571428571,196,14,0
15235,2247.51,12,15.716853146853149,1324,130,1
15236,321.05,1,21.403333333333332,269,15,0
15237,1412.32,4,14.265858585858584,1071,94,0
15238,1071.99,3,21.4398,692,49,0
15239,780.59,2,15.930408163265307,594,48,0
15240,1706.57,5,21.879102564102563,1369,58,1
15241,1756.44,8,15.967636363636364,1818,82,1
15243,316.68,1,14.394545454545455,185,22,0
15244,631.57,2,18.57558823529412,405,31,0
15245,2515.84,3,28.267865168539327,1784,55,1
15246,514.15,2,15.58030303030303,247,32,0
15247,356.0,1,59.333333333333336,160,6,0
15249,6688.46,13,19.109885714285713,3577,212,1
15251,10484.99,11,94.45936936936937,6171,97,1
15252,740.78,2,16.83590909090909,522,44,0
15253,918.2,5,17.324528301886794,866,52,0
15254,300.36,1,16.686666666666667,275,18,0
15255,890.85,1,18.95425531914894,489,47,0
15256,98.45,1,16.408333333333335,55,6,0
15257,317.15,1,45.30714285714286,46,7,0
15258,623.16,2,18.328235294117647,142,32,0
15260,1810.77,7,23.516493506493507,885,62,1
15261,254.82,1,13.41157894736842,270,19,0
15262,178.95000000000002,1,17.895000000000003,73,10,0
15263,156.51,1,13.042499999999999,89,12,0
15264,393.74,1,17.11913043478261,265,23,0
15265,1506.1200000000001,2,18.36731707317073,612,76,0
15266,119.3,1,19.883333333333333,18,6,0
15267,1717.36,5,156.12363636363636,944,8,1
15269,408.8,1,204.4,26,2,0
15270,2379.49,7,58.03634146341463,1521,22,1
15271,2493.34,15,9.444469696969698,1251,185,1
15272,721.94,2,11.45936507936508,310,63,0
15274,716.57,2,15.246170212765959,619,44,0
15275,615.14,1,15.003414634146342,498,41,0
15276,128.63,1,2.6251020408163264,61,49,0
15277,255.89999999999998,1,21.325,205,12,0
15279,290.51,1,15.29,189,19,0
15280,113.12,1,7.07,154,16,0
15281,2332.15,9,16.778057553956835,1211,121,1
15286,240.55,1,80.18333333333334,55,3,0
15287,486.69,2,24.3345,433,17,0
15288,2306.52,5,26.210454545454546,775,80,1
15289,939.78,3,16.20310344827586,1008,43,0
15290,7943.22,18,38.93735294117647,4501,94,1
15291,4668.3,15,45.32330097087379,2103,62,1
15292,178.39,1,7.432916666666666,55,23,0
15296,3672.86,6,18.932268041237116,1766,139,1
15297,641.94,3,16.46,292,30,0
15298,4799.9,12,24.999479166666664,3116,118,1
15299,4507.01,7,643.8585714285715,2948,7,1
15300,496.44,1,17.73,292,28,0
15301,5049.95,12,20.867561983471074,2751,167,1
15303,574.02,1,18.516774193548386,248,31,0
15304,694.4,8,30.191304347826087,104,8,0
15306,1174.3500000000001,3,20.24741379310345,810,57,0
15307,205.3,1,17.108333333333334,37,12,0
15308,310.47,1,16.340526315789475,175,19,0
15311,60632.75,91,25.626690617075234,38147,576,1
15312,924.85,4,19.677659574468084,516,42,0
15313,52.0,1,52.0,25,1,0
15314,327.97,1,13.665416666666667,313,24,0
15315,570.5,2,15.41891891891892,862,35,0
15316,165.0,1,165.0,100,1,0
15318,312.62,1,9.473333333333333,642,33,0
15319,204.5,1,12.78125,175,16,0
15320,267.13,1,7.420277777777778,326,36,0
15321,2748.31,3,28.92957894736842,1181,84,1
15322,679.68,1,16.18285714285714,416,42,0
15325,161.74,1,3.3695833333333334,231,47,0
15326,311.71,1,10.748620689655171,386,29,0
15327,208.75,1,20.875,116,10,0
15329,1049.7,3,18.41578947368421,486,52,0
15330,714.9599999999999,2,54.99692307692307,1312,10,0
15332,1661.06,4,47.45885714285714,652,29,1
15333,1028.56,1,64.285,344,16,0
15334,350.82,3,3.579795918367347,273,67,0
15335,170.22,1,4.863428571428571,79,34,0
15339,574.07,2,6.675232558139536,416,77,0
15341,2020.52,1,118.85411764705883,812,17,1
15342,406.09000000000003,1,16.920416666666668,283,24,0
15343,364.5,1,17.357142857142858,84,21,0
15344,563.94,3,21.69,116,21,0
15345,393.54,1,19.677,81,20,0
15346,252.42000000000002,1,14.848235294117648,144,17,0
15347,201.60000000000002,1,40.32000000000001,130,5,0
15348,158.04,1,17.56,84,9,0
15349,463.91,2,6.533943661971831,321,66,0
15350,115.65,1,23.130000000000003,51,5,0
15351,1934.66,7,8.83406392694064,742,160,1
15353,770.12,2,12.624918032786885,341,59,0
15355,277.05,2,19.789285714285715,45,9,0
15356,2718.03,10,5.446953907815631,1643,217,1
15358,8347.2,22,15.149183303085302,7050,302,1
15360,427.93,1,32.917692307692306,223,13,0
15361,418.92,1,59.84571428571429,336,7,0
15363,326.0,1,20.375,144,16,0
15364,913.19,2,31.489310344827587,493,29,0
15365,2314.32,7,20.301052631578948,1084,65,1
15366,602.51,2,13.69340909090909,621,37,0
15367,1877.5900000000001,4,19.764105263157898,1057,91,1
15368,446.94000000000005,1,111.73500000000001,230,4,0
15370,2386.05,7,25.383510638297874,830,65,1
15372,2007.4,1,74.34814814814816,2924,27,1
15373,2415.91,12,18.302348484848483,500,75,1
15374,168.0,1,56.0,126,3,0
15376,1221.56,3,10.530689655172413,615,100,0
15379,3703.29,7,19.089123711340207,2305,146,1
15380,1690.26,5,46.95166666666667,376,22,1
15381,596.85,2,74.60625,171,8,0
15382,5955.71,6,19.7208940397351,4012,200,1
15384,642.41,2,15.668536585365853,596,34,0
15385,316.88,1,26.406666666666666,161,12,0
15386,394.14,1,12.714193548387096,446,31,0
15388,140.54,1,14.053999999999998,88,10,0
15389,500.0,1,500.0,400,1,0
15392,1535.53,4,18.280119047619046,1277,74,0
15393,231.86,2,19.32166666666667,150,10,0
15394,2183.54,4,25.68870588235294,910,56,1
15395,107.45,1,15.35,17,7,0
15396,288.18,1,20.584285714285716,122,14,0
15397,94.0,1,15.666666666666666,20,6,0
15398,1345.53,2,18.43191780821918,769,60,0
15399,815.77,3,16.3154,611,45,0
15400,716.2,5,59.68333333333334,390,10,0
15402,626.77,2,14.923095238095238,694,35,0
15405,349.1,1,43.6375,193,8,0
15406,510.71000000000004,2,9.636037735849058,254,51,0
15407,1046.74,4,7.072567567567567,552,142,0
15408,267.18,1,7.858235294117647,106,34,0
15410,3450.84,8,28.285573770491805,1200,48,1
15411,1348.93,4,13.764591836734695,529,86,0
15412,190.53,1,19.053,108,10,0
15414,774.9000000000001,3,19.86923076923077,443,37,0
15415,559.61,1,11.906595744680851,551,46,0
15416,3984.32,4,20.75166666666667,2090,165,1
15417,508.8,1,18.17142857142857,284,28,0
15419,135.86,1,16.9825,230,8,0
15421,950.36,4,17.93132075471698,500,42,0
15422,97.7,2,16.283333333333335,38,6,0
15423,43.5,1,21.75,101,2,0
15424,383.34,2,22.54941176470588,554,17,0
15426,1404.07,5,5.105709090909091,656,219,0
15427,1430.54,3,4.899109589041096,967,233,0
15428,93.78,1,15.63,102,6,0
15429,397.35,2,4.845731707317073,380,77,0
15432,171.19000000000003,1,17.119000000000003,65,10,0
15433,533.3,2,13.00731707317073,534,40,0
15434,1041.48,5,18.936,647,40,0
15435,149.29,1,5.147931034482759,54,29,0
15436,1067.75,3,3.6692439862542954,574,244,0
15437,200.16,1,4.4479999999999995,79,44,0
15438,156.57999999999998,1,6.263199999999999,59,25,0
15440,383.68,3,6.188387096774194,197,50,0
15442,594.0,1,297.0,120,2,0
15443,3213.59,7,8.638682795698925,1639,238,1
15444,1411.21,2,6.594439252336449,759,191,0
15445,113.5,1,22.7,58,5,0
15447,155.17000000000002,1,17.241111111111113,85,9,0
15448,494.64,1,17.665714285714284,232,28,0
15449,974.52,3,16.242,812,47,0
15450,429.84,1,14.328,376,30,0
15452,528.48,3,9.437142857142858,280,46,0
15453,1371.77,7,4.91673835125448,837,170,0
15454,179.1,1,7.164,86,23,0
15456,434.59,3,7.492931034482758,633,48,0
15457,237.07,1,4.087413793103448,132,56,0
15458,161.64,1,23.09142857142857,156,7,0
15460,214.26,1,3.8260714285714283,107,53,0
15462,234.6,3,21.327272727272728,172,9,0
15463,126.14,1,18.02,106,7,0
15464,1044.65,1,6.739677419354839,348,154,0
15465,7354.62,18,75.82082474226804,1257,43,1
15466,334.53,1,5.868947368421052,246,56,0
15467,524.88,3,10.093846153846155,310,41,0
15468,467.51,2,19.479583333333334,155,24,0
15469,538.55,2,22.43958333333333,153,24,0
15471,454.48,1,6.225753424657534,256,67,0
15472,371.56,1,4.888947368421053,251,76,0
15473,1771.2,7,161.01818181818183,672,4,1
15475,454.11,1,15.65896551724138,319,29,0
15478,1399.92,2,31.816363636363636,575,34,0
15480,905.5,1,20.122222222222224,303,45,0
15482,10879.76,12,112.16247422680412,5004,47,1
15483,225.26,4,2.6816666666666666,291,74,0
15484,3590.41,4,19.200053475935828,3150,135,1
15485,2564.5,3,30.17058823529412,1281,59,1
15488,91.32000000000001,1,45.660000000000004,73,2,0
15489,1134.28,3,22.6856,608,47,0
15491,3100.09,6,20.130454545454548,1646,109,1
15492,659.46,2,18.841714285714286,483,32,0
15493,1953.41,5,6.7592041522491355,551,176,1
15494,1280.58,2,10.49655737704918,1139,120,0
15497,1262.2,2,84.14666666666668,624,14,0
15498,13316.4,27,26.00859375,6105,363,1
15500,1131.56,4,16.640588235294118,572,64,0
15502,10384.93,12,48.75553990610329,4236,167,1
15503,141.04,1,2.1369696969696967,70,66,0
15504,52.83,1,4.063846153846153,33,13,0
15505,3610.96,5,37.22639175257732,2390,90,1
15506,972.08,3,6.03776397515528,842,121,0
15507,475.86,1,10.574666666666667,160,41,0
15508,1000.27,6,10.8725,440,78,0
15510,250.0,1,250.0,2,1,0
15511,900.53,5,5.699556962025317,269,117,0
15512,121.0,2,17.285714285714285,68,7,0
15513,14758.22,19,47.9162987012987,5709,190,1
15514,4023.7200000000003,11,24.239277108433736,2098,96,1
15516,62.43,3,4.162,27,15,0
15517,267.03,1,9.889999999999999,293,27,0
15518,1921.55,8,9.150238095238095,1263,137,1
15520,343.5,1,19.083333333333332,314,18,0
15521,3000.2,8,16.217297297297296,1836,119,1
15522,397.99,2,7.106964285714286,572,47,0
15523,412.01000000000005,1,41.20100000000001,132,10,0
15524,440.0,1,440.0,4,1,0
15525,734.37,3,4.7075000000000005,387,133,0
15526,148.44,2,37.11,24,4,0
15527,2428.53,8,14.990925925925927,991,129,1
15528,229.33,1,8.820384615384615,123,26,0
15529,3962.6,11,5.985800604229607,3455,423,1
15530,1497.31,4,13.993551401869158,938,91,0
15531,1972.39,2,9.00634703196347,1085,196,1
15532,1564.73,4,6.23398406374502,515,208,0
15533,807.57,3,9.729759036144578,289,73,0
15535,502.9,4,6.984722222222222,135,55,0
15537,110.92,1,4.621666666666667,29,24,0
15539,538.46,1,13.133170731707319,410,41,0
15540,213.3,1,14.22,200,15,0
15541,85.13000000000001,1,2.9355172413793107,49,29,0
15543,127.86,1,4.566428571428571,86,26,0
15544,3546.71,9,13.693861003861004,3109,127,1
15545,288.96999999999997,2,3.612125,162,78,0
15547,4910.6,14,7.065611510791367,3999,441,1
15549,1681.46,3,14.749649122807018,694,104,1
15550,575.63,4,9.43655737704918,295,44,0
15551,436.06,1,15.036551724137931,218,29,0
15552,90.12,1,5.301176470588236,60,17,0
15553,428.93,1,7.798727272727273,449,51,0
15554,217.2,1,15.514285714285714,74,14,0
15555,4794.86,16,5.4057046223224345,4427,406,1
15556,279.77,1,9.024838709677418,236,31,0
15557,468.91,1,24.679473684210528,213,16,0
15561,800.5899999999999,4,29.65148148148148,267,27,0
15562,134.55,1,134.55,39,1,0
15563,1400.44,4,12.393274336283186,1501,88,0
15565,173.16000000000003,2,21.645000000000003,60,8,0
15567,186.01,1,26.572857142857142,223,7,0
15568,758.29,3,14.307358490566036,461,27,0
15569,1375.71,5,44.377741935483876,666,27,0
15570,4148.82,12,13.005705329153605,2063,233,1
15571,650.4300000000001,4,11.411052631578949,264,47,0
15572,2533.42,7,11.950094339622641,1213,166,1
15573,591.1899999999999,2,6.094742268041236,355,88,0
15574,675.64,4,4.445,332,131,0
15576,921.37,1,21.427209302325583,394,43,0
15577,258.88,3,6.637948717948718,89,39,0
15578,127.1,1,9.776923076923076,52,13,0
15579,327.6,2,6.825,117,45,0
15581,3675.77,13,25.176506849315068,283,134,1
15582,682.9100000000001,3,15.52068181818182,453,39,0
15584,720.86,4,5.908688524590164,313,88,0
15585,455.3,1,14.687096774193549,320,31,0
15587,913.68,4,101.52,312,3,0
15589,478.53,3,16.50103448275862,243,28,0
15592,388.58,1,16.190833333333334,354,24,0
15593,199.8,1,39.96,60,5,0
15594,1771.78,5,17.201747572815535,983,85,1
15596,1406.59,5,18.267402597402597,561,51,0
15597,324.57,1,14.753181818181817,279,22,0
15598,240.68,1,17.19142857142857,160,14,0
15599,761.74,2,14.648846153846154,718,50,0
15601,6776.56,14,16.52819512195122,4983,230,1
15602,1297.8700000000001,9,28.214565217391307,1137,31,0
15603,48.480000000000004,1,24.240000000000002,96,2,0
15604,216.39000000000001,1,12.728823529411766,159,17,0
15605,1198.23,5,17.88402985074627,441,61,0
15606,2920.16,9,37.92415584415584,892,48,1
15607,104.76,1,8.05846153846154,202,13,0
15608,1093.68,4,18.228,714,59,0
15609,298.48,1,18.655,148,16,0
15610,112.46000000000001,1,18.743333333333336,66,6,0
15611,1591.45,13,37.01046511627907,504,23,0
15612,195.15,2,32.525,52,4,0
15615,10399.74,23,24.585673758865248,5508,187,1
15618,776.851,4,17.263355555555556,454,39,0
15619,336.4,1,112.13333333333333,136,3,0
15620,1553.18,3,15.5318,915,92,0
15621,1293.03,4,80.814375,501,12,0
15622,3709.56,9,20.051675675675675,1674,170,1
15623,301.03000000000003,1,15.843684210526318,125,19,0
15624,588.13,4,17.297941176470587,357,26,0
15625,1534.26,4,23.9728125,1188,44,0
15626,675.8,2,13.791836734693877,766,49,0
15628,2870.2400000000002,9,18.51767741935484,1894,85,1
15630,1186.35,2,19.772499999999997,800,57,0
15632,3285.31,8,19.67251497005988,2109,107,1
15634,243.55,1,16.236666666666668,99,15,0
15636,724.76,2,28.9904,284,21,0
15637,223.36,1,14.890666666666668,128,15,0
15639,425.32,1,17.0128,323,25,0
15640,12416.11,15,26.084264705882354,6572,242,1
15641,1887.2,4,15.858823529411765,1562,101,1
15643,664.0,3,20.12121212121212,246,31,0
15644,803.54,4,3.4635344827586207,550,166,0
15645,612.01,1,11.769423076923077,256,50,0
15646,447.64000000000004,3,12.789714285714288,394,35,0
15648,639.5,2,26.645833333333332,218,23,0
15649,816.0,2,408.0,192,1,0
15651,646.3,3,20.196875,479,27,0
15652,337.74,1,16.082857142857144,208,21,0
15653,877.44,2,146.24,1200,4,0
15654,922.53,2,43.93,475,15,0
15655,560.6700000000001,1,16.49029411764706,324,34,0
15656,748.5,4,15.925531914893616,343,46,0
15657,30.0,1,30.0,24,1,0
15658,1024.1000000000001,5,21.33541666666667,242,40,0
15659,306.45,1,27.85909090909091,111,11,0
15660,1600.86,9,17.787333333333333,1050,58,0
15661,309.8,2,61.96,236,4,0
15663,138.14,1,15.348888888888887,106,9,0
15664,386.43,1,22.731176470588235,157,17,0
15665,2222.21,2,19.323565217391305,1654,92,1
15667,301.32000000000005,1,23.17846153846154,240,13,0
15668,76.32000000000001,1,76.32000000000001,72,1,0
15669,684.34,4,20.737575757575758,342,31,0
15670,173.05,1,14.420833333333334,91,12,0
15671,2657.13,7,34.065769230769234,1699,52,1
15673,2726.23,4,19.755289855072466,1451,108,1
15674,2446.6,5,21.46140350877193,1275,88,1
15675,323.69,3,15.413809523809524,527,20,0
15676,3435.76,3,17.00871287128713,2252,190,1
15677,657.23,1,19.916060606060608,319,33,0
15678,352.7,1,29.391666666666666,184,12,0
15679,781.28,4,7.102545454545455,1170,98,0
15680,1333.68,3,17.09846153846154,952,62,0
15681,1426.16,5,26.90867924528302,816,32,0
15683,193.75,1,19.375,131,10,0
15687,2993.1,9,18.030722891566263,1310,120,1
15689,254.1,2,28.233333333333334,84,8,0
15690,239.76,2,12.618947368421052,408,19,0
15691,136.8,1,68.4,72,2,0
15692,191.04,1,15.92,138,12,0
15694,6479.4,14,83.06923076923077,1677,42,1
15695,409.98,2,18.635454545454547,212,22,0
15696,2711.11,8,16.137559523809525,1015,141,1
15699,309.65,1,17.202777777777776,113,18,0
15700,696.68,2,8.10093023255814,357,85,0
15701,1529.0,4,6.647826086956521,912,193,0
15703,211.5,1,42.3,66,5,0
15704,2293.62,4,19.603589743589744,1028,79,1
15705,143.1,1,23.849999999999998,62,6,0
15706,1060.56,4,19.28290909090909,321,50,0
15707,916.98,4,4.473073170731707,594,127,0
15708,3235.25,7,11.8507326007326,1217,125,1
15709,133.25,1,22.208333333333332,121,6,0
15712,1072.3600000000001,5,20.233207547169815,486,41,0
15713,356.7,2,18.773684210526316,150,18,0
15714,330.03000000000003,2,9.706764705882353,186,34,0
15716,1101.11,4,9.411196581196581,738,101,0
15717,150.3,1,21.47142857142857,70,7,0
15719,5030.07,13,5.402867883995703,2718,307,1
15720,598.73,1,4.677578125,281,128,0
15721,471.40000000000003,1,5.611904761904762,388,80,0
15722,2211.21,5,33.00313432835821,1023,45,1
15723,190.70000000000002,1,5.018421052631579,73,37,0
15724,218.25,2,19.84090909090909,73,11,0
15725,415.25,1,12.9765625,221,32,0
15727,5159.06,7,17.139734219269105,3063,216,1
15729,85.0,1,17.0,28,5,0
15730,1120.88,3,16.01257142857143,689,68,0
15732,294.12,2,21.00857142857143,215,13,0
15733,162.3,1,16.23,62,10,0
15734,1339.45,2,51.517307692307696,346,25,0
15737,1188.1200000000001,8,16.734084507042255,597,60,0
15738,4812.42,16,27.817456647398846,2982,48,1
15739,449.12,1,56.14,472,8,0
15740,154.88,1,17.20888888888889,152,9,0
15743,775.96,4,9.022790697674418,214,59,0
15744,34.8,1,11.6,120,3,0
15745,1094.5900000000001,4,17.65467741935484,421,57,0
15746,196.88,1,7.031428571428571,178,28,0
15747,946.64,3,10.518222222222223,466,53,0
15748,144.36,1,7.218000000000001,50,19,0
15749,44534.3,3,4453.43,18028,5,1
15750,2463.05,8,8.464089347079039,1783,215,1
15752,2626.6,7,6.485432098765432,1960,236,1
15753,79.2,1,79.2,144,1,0
15754,458.57,3,16.3775,199,24,0
15755,2364.25,6,16.7677304964539,1427,127,1
15756,528.01,4,2.764450261780105,241,160,0
15757,714.42,2,15.876,491,43,0
15758,205.25,1,22.805555555555557,47,9,0
15759,253.04000000000002,3,36.14857142857143,60,5,0
15762,583.75,2,15.777027027027026,251,37,0
15763,1086.92,2,17.818360655737706,271,58,0
15764,3279.9700000000003,6,18.222055555555556,2050,150,1
15766,315.06,1,28.64181818181818,170,11,0
15768,621.83,3,23.030740740740743,244,23,0
15769,56252.72,26,432.7132307692308,29672,29,1
15773,635.6800000000001,1,63.568000000000005,311,10,0
15774,270.8,1,10.832,87,25,0
15775,104.9,1,14.985714285714286,68,7,0
15776,241.62,1,13.423333333333334,138,18,0
15777,1047.1100000000001,4,49.86238095238096,378,18,0
15780,475.28000000000003,3,16.38896551724138,220,26,0
15781,345.46000000000004,3,17.273000000000003,180,20,0
15782,2614.74,3,60.80790697674418,864,34,1
15783,246.3,1,17.592857142857145,212,14,0
15785,2328.9700000000003,5,28.059879518072293,1612,60,1
15786,4919.0,3,18.492481203007518,3340,257,1
15787,933.26,3,4.6663,534,157,0
15789,351.3,1,14.052,438,25,0
15790,218.75,1,6.4338235294117645,113,34,0
15791,1612.69,2,21.502533333333336,731,67,0
15793,965.61,3,80.4675,553,7,0
15795,610.01,1,14.524047619047618,581,42,0
15796,2708.61,8,20.519772727272727,860,70,1
15797,2207.4,4,275.925,873,8,1
15799,884.14,3,9.021836734693878,955,94,0
15800,696.89,2,5.956324786324786,332,116,0
15801,1063.95,3,16.62421875,570,61,0
15802,451.42,1,451.42,1,1,0
15803,415.82000000000005,1,51.977500000000006,290,8,0
15804,4206.39,13,16.05492366412214,2565,170,1
15805,5488.18,17,18.355117056856187,3367,221,1
15806,784.58,3,25.309032258064516,602,24,0
15807,903.9,3,18.83125,430,48,0
15808,3651.27,4,18.72446153846154,1305,142,1
15809,515.77,5,14.736285714285714,301,31,0
15810,1391.98,4,15.640224719101123,861,69,0
15811,2218.62,6,16.681353383458646,1071,117,1
15812,1801.14,5,43.930243902439024,922,37,1
15813,1303.9099999999999,2,32.59775,603,40,0
15814,1945.3300000000002,4,27.018472222222226,1271,63,1
15815,2100.6,5,42.86938775510204,1856,33,1
15819,1905.45,4,15.491463414634147,1357,96,1
15820,206.98,1,12.175294117647057,128,17,0
15821,570.96,2,9.209032258064516,202,57,0
15822,885.47,2,26.832424242424242,375,28,0
15823,15.0,1,15.0,1,1,0
15825,532.94,1,26.647000000000002,220,20,0
15826,1654.31,3,24.328088235294118,963,64,0
15827,1836.09,14,15.966,882,73,1
15829,636.14,2,12.473333333333333,996,44,0
15830,576.0,1,14.76923076923077,415,39,0
15831,794.64,3,12.04,1092,63,0
15832,836.79,1,15.49611111111111,465,54,0
15834,2225.15,4,8.271933085501859,961,242,1
15835,954.09,4,19.0818,439,47,0
15836,137.37,1,13.737,26,10,0
15837,391.98,1,16.3325,189,24,0
15838,33643.08,19,201.45556886227547,18368,54,1
15839,1048.49,3,16.911129032258064,675,56,0
15840,355.56,2,13.168888888888889,396,26,0
15841,1224.06,4,26.043829787234042,942,36,0
15843,118.95,1,14.86875,27,8,0
15844,130.73999999999998,1,11.885454545454543,134,11,0
15845,3711.77,8,26.896884057971015,1926,98,1
15847,389.27,2,17.694090909090907,449,22,0
15850,234.88,2,2.525591397849462,298,87,0
15852,160.71,2,7.305000000000001,48,22,0
15853,110.8,1,3.6933333333333334,135,29,0
15854,2969.12,12,21.51536231884058,926,105,1
15855,712.24,5,8.903,470,59,0
15856,16143.64,27,25.706433121019106,10866,300,1
15857,297.0,1,21.214285714285715,308,14,0
15858,1427.57,5,7.59345744680851,1163,146,0
15860,965.16,8,6.943597122302158,437,106,0
15861,3146.92,8,5.82762962962963,2528,343,1
15862,832.88,4,5.665850340136054,585,142,0
15863,68.84,2,3.8244444444444445,19,18,0
15864,1936.32,6,96.816,1192,16,1
15865,895.13,3,22.37825,368,37,0
15866,211.89,1,4.927674418604651,124,43,0
15867,3810.14,15,8.300958605664487,2052,304,1
15869,149.64,2,9.975999999999999,175,13,0
15870,351.44,1,4.749189189189189,333,68,0
15872,316.25,2,2.928240740740741,187,101,0
15874,4405.88,7,36.71566666666667,2534,110,1
15877,490.33,2,3.8915079365079364,368,122,0
15880,329.03,1,3.427395833333333,202,95,0
15881,501.39,5,17.289310344827587,260,26,0
15882,516.36,4,22.450434782608696,276,23,0
15883,396.48,2,8.091428571428573,223,42,0
15885,379.35,3,21.075000000000003,111,18,0
15886,181.09,1,15.090833333333334,147,12,0
15888,168.31,1,14.025833333333333,76,11,0
15889,420.07,2,4.942,206,79,0
15891,511.68,1,8.528,418,60,0
15894,258.25,2,6.97972972972973,164,35,0
15895,179.17,1,16.288181818181815,94,11,0
15897,208.59,2,9.481363636363637,223,17,0
15898,1383.83,5,16.474166666666665,567,71,0
15899,56.25,1,14.0625,39,4,0
15900,337.28000000000003,1,7.176170212765958,216,44,0
15901,351.73,3,3.168738738738739,379,102,0
15903,5126.76,7,69.28054054054054,2410,46,1
15904,164.68,1,5.489333333333334,84,30,0
15906,1567.69,7,10.451266666666667,544,114,0
15907,882.72,3,3.905840707964602,478,176,0
15909,191.94,1,27.419999999999998,98,7,0
15910,1228.88,8,4.6198496240601505,1013,216,0
15912,264.62,2,13.927368421052632,185,19,0
15916,1502.8600000000001,8,9.95271523178808,752,124,0
15917,123.1,1,10.258333333333333,42,12,0
15918,334.23,2,8.35575,153,33,0
15919,525.69,2,4.308934426229508,385,104,0
15920,167.5,4,2.7916666666666665,99,53,0
15921,323.03000000000003,1,13.459583333333335,162,24,0
15922,369.5,1,33.59090909090909,138,11,0
15923,127.08,1,6.051428571428572,122,21,0
15925,207.15,1,17.2625,93,12,0
15930,426.63,1,20.315714285714286,139,21,0
15932,2495.87,8,21.703217391304346,2325,92,1
15933,1107.46,3,14.965675675675676,885,63,0
15935,416.86,2,34.73833333333334,115,12,0
15937,145.35000000000002,1,20.764285714285716,73,7,0
15938,404.58000000000004,5,22.47666666666667,240,13,0
15939,6115.01,15,80.46065789473684,4728,29,1
15940,35.8,1,35.8,4,1,0
15942,337.44,1,24.102857142857143,232,14,0
15944,325.1,1,54.18333333333334,50,6,0
15945,181.0,1,90.5,52,2,0
15947,1708.24,1,58.9048275862069,898,29,1
15948,955.24,2,15.920666666666667,567,51,0
15949,364.72,2,19.19578947368421,284,12,0
15950,1744.71,4,17.986701030927836,719,87,1
15951,708.22,2,17.273658536585366,313,36,0
15952,781.91,4,9.30845238095238,391,66,0
15953,1657.28,8,17.085360824742267,891,63,0
15955,4416.26,14,24.13256830601093,2135,137,1
15957,428.89,1,10.211666666666666,211,40,0
15958,104.35,1,14.907142857142857,33,7,0
15963,470.76,2,16.812857142857144,298,26,0
15965,808.87,4,7.287117117117117,434,89,0
15967,397.68,2,4.971,205,73,0
15969,666.1,3,33.305,124,20,0
15970,314.09999999999997,1,28.55454545454545,116,11,0
15971,4199.85,12,119.9957142857143,1717,10,1
15973,307.82000000000005,1,76.95500000000001,106,4,0
15974,3442.15,7,19.557670454545455,2262,141,1
15975,371.01,1,15.45875,243,24,0
15976,427.64,2,4.454583333333333,275,83,0
15977,1054.73,2,16.226615384615386,1016,48,0
15978,1098.78,1,22.42408163265306,888,49,0
15980,2398.86,3,55.78744186046512,1560,40,1
15981,3408.48,8,35.13896907216495,1866,56,1
15983,1465.12,4,13.081428571428571,886,82,0
15984,2780.63,10,10.777635658914729,1815,218,1
15985,1142.42,2,30.876216216216218,1086,29,0
15986,168.12,1,12.008571428571429,268,14,0
15987,1432.77,7,11.193515625,1533,110,0
15988,156.78,1,6.03,180,26,0
15990,792.11,2,15.232884615384616,443,52,0
15992,41.989999999999995,1,13.996666666666664,17,3,0
15993,2777.67,7,5.115414364640884,2037,335,1
15994,414.27,1,12.9459375,173,31,0
15996,1032.58,6,8.130551181102362,380,103,0
15998,3080.22,5,6.111547619047618,2032,373,1
16000,12393.7,3,1377.0777777777778,5110,9,1
16003,2735.37,5,26.556990291262135,1185,82,1
16005,578.71,4,2.8791542288557217,280,173,0
16006,101.4,1,12.675,84,8,0
16007,1693.81,4,4.445695538057743,1388,224,1
16008,478.78,3,14.508484848484848,323,29,0
16009,972.11,4,11.855,366,68,0
16010,392.4,3,4.9670886075949365,202,61,0
16011,3352.96,16,15.966476190476191,2035,100,1
16012,1415.29,3,15.05627659574468,799,87,0
16013,37130.6,47,267.126618705036,15536,31,1
16014,646.83,3,4.687173913043479,258,123,0
16015,704.55,3,3.892541436464088,907,146,0
16016,1465.51,8,6.542455357142857,602,157,0
16017,211.88,1,6.62125,102,26,0
16018,408.9,2,14.603571428571428,190,26,0
16019,3786.24,9,23.663999999999998,1733,134,1
16020,851.01,3,18.500217391304346,487,42,0
16022,602.63,1,8.48774647887324,255,68,0
16023,719.81,3,7.126831683168317,358,90,0
16024,251.03,1,3.9846031746031745,397,61,0
16025,439.65999999999997,1,15.702142857142857,338,28,0
16026,236.09,1,7.3778125,243,30,0
16027,934.62,6,58.41375,1147,11,0
16029,80850.84,63,335.4806639004149,40108,45,1
16030,331.24,1,11.422068965517242,283,28,0
16031,547.9,2,5.590816326530612,421,91,0
16033,8778.82,20,7.782641843971631,3529,540,1
16034,437.70000000000005,3,19.895454545454548,242,18,0
16036,758.9200000000001,2,13.798545454545456,716,55,0
16037,855.02,3,21.923589743589744,428,37,0
16038,471.78,3,18.145384615384614,244,24,0
16040,1313.55,3,20.20846153846154,684,57,0
16041,3166.4,3,527.7333333333333,1584,6,1
16042,1177.47,5,16.821,743,68,0
16043,773.99,4,19.845897435897434,503,30,0
16045,1340.7,4,16.15301204819277,897,71,0
16048,256.44,2,32.055,144,8,0
16049,1074.81,3,3.5946822742474915,763,248,0
16050,137.9,1,13.790000000000001,278,10,0
16052,362.06,1,10.648823529411764,282,34,0
16053,1511.95,2,17.999404761904763,1793,81,0
16054,783.9,1,11.198571428571428,380,70,0
16055,134.8,1,16.85,22,8,0
16056,650.75,1,9.859848484848484,345,66,0
16057,2263.12,7,18.703471074380165,863,109,1
16059,1453.16,6,8.163820224719101,641,126,0
16062,1153.62,4,18.0253125,800,51,0
16063,335.32,1,14.57913043478261,262,23,0
16065,367.14,1,5.02931506849315,228,71,0
16066,1521.04,5,15.059801980198019,935,77,0
16070,852.15,2,25.82272727272727,457,32,0
16071,326.24,1,15.535238095238096,180,21,0
16072,584.3199999999999,1,25.405217391304344,140,23,0
16073,122.4,1,122.4,48,1,0
16076,2234.73,10,17.323488372093024,1435,71,1
16078,79.2,1,79.2,16,1,0
16079,1352.0,3,64.38095238095238,864,18,0
16080,217.16,2,21.716,128,10,0
16081,2799.42,5,12.553452914798207,1473,176,1
16083,1317.62,2,42.50387096774193,908,31,0
16084,436.18,1,11.47842105263158,216,38,0
16085,981.51,5,5.877305389221557,636,123,0
16086,1121.39,5,28.753589743589746,511,24,0
16091,315.06,2,17.503333333333334,154,16,0
16092,817.86,3,16.036470588235293,628,37,0
16093,17.0,1,17.0,20,1,0
16094,1078.23,4,17.114761904761906,647,48,0
16096,320.62,1,26.718333333333334,155,12,0
16097,185.04999999999998,1,18.505,87,10,0
16098,2005.63,7,29.934776119402986,613,34,1
16099,731.9,3,18.766666666666666,434,29,0
16101,1290.7,1,16.982894736842105,757,76,0
16102,1842.14,3,32.31824561403509,942,41,1
16103,1429.64,6,29.784166666666668,558,30,0
16104,298.21,1,10.650357142857143,122,28,0
16105,336.96,1,25.919999999999998,330,13,0
16106,108.38,1,18.063333333333333,74,6,0
16107,3204.1600000000003,7,103.36000000000001,1176,16,1
16108,842.5,1,17.552083333333332,615,48,0
16109,611.88,2,33.99333333333333,612,18,0
16110,1320.95,3,3.8624269005847953,720,283,0
16112,195.74,4,12.23375,574,15,0
16113,161.38,1,5.379333333333333,176,30,0
16114,135.75000000000003,1,16.968750000000004,43,8,0
16115,1660.8799999999999,8,5.952974910394265,994,171,1
16116,612.78,1,18.02294117647059,248,34,0
16117,232.21,1,7.740333333333334,130,30,0
16119,423.36,2,26.46,240,14,0
16120,1309.14,4,43.638000000000005,878,26,0
16121,854.66,2,4.189509803921569,576,171,0
16122,684.42,4,18.011052631578945,1128,25,0
16123,307.78000000000003,1,19.236250000000002,170,16,0
16124,249.0,1,22.636363636363637,48,11,0
16125,289.35,1,22.25769230769231,124,13,0
16126,6287.77,4,53.741623931623934,2125,58,1
16127,656.25,1,16.40625,323,40,0
16128,1880.22,5,21.126067415730336,988,76,1
16131,3506.54,6,44.95564102564102,1802,55,1
16133,14589.04,33,43.16284023668639,8887,218,1
16134,618.09,2,17.659714285714287,371,34,0
16135,517.55,1,24.645238095238092,209,21,0
16136,709.38,3,19.172432432432434,440,35,0
16139,635.4100000000001,3,20.49709677419355,330,25,0
16140,725.1800000000001,2,20.719428571428573,730,32,0
16141,620.4,1,20.68,238,30,0
16142,535.34,1,14.46864864864865,422,37,0
16143,2424.94,6,20.725982905982907,919,77,1
16144,175.2,1,175.2,16,1,0
16145,3799.4900000000002,11,16.96200892857143,3123,135,1
16146,734.13,3,25.314827586206896,427,26,0
16147,375.0,1,17.045454545454547,246,22,0
16148,76.32000000000001,1,76.32000000000001,72,1,0
16149,280.52,2,15.584444444444443,308,18,0
16150,2053.02,5,17.547179487179488,1047,91,1
16152,1829.04,1,63.070344827586204,642,29,1
16153,1824.23,5,20.496966292134832,1073,78,1
16156,3092.04,9,24.1565625,1273,108,1
16157,656.69,3,36.482777777777784,347,12,0
16159,348.2,1,24.87142857142857,236,14,0
16160,1025.44,2,51.272000000000006,1162,20,0
16161,5533.67,19,11.748768577494692,2583,290,1
16162,37.4,1,18.7,4,2,0
16163,856.6,2,142.76666666666668,192,5,0
16164,822.48,3,24.19058823529412,433,27,0
16168,3787.6,27,38.648979591836735,1892,57,1
16169,1822.97,4,21.44670588235294,1325,71,1
16170,1885.05,6,15.0804,1770,106,1
16171,73.19999999999999,1,24.399999999999995,24,3,0
16172,1140.21,5,16.524782608695652,787,52,0
16173,1418.32,6,16.884761904761906,575,70,0
16174,1009.55,3,43.893478260869564,651,19,0
16175,1037.5900000000001,4,17.88948275862069,533,45,0
16177,331.95,1,22.13,95,15,0
16178,197.9,1,24.7375,94,8,0
16179,215.83,1,19.62090909090909,99,11,0
16180,10254.18,8,63.29740740740741,5867,92,1
16181,305.54,1,27.776363636363637,152,11,0
16182,6617.65,4,236.34464285714284,3791,18,1
16183,338.71000000000004,1,22.58066666666667,113,15,0
16184,1158.79,6,25.750888888888888,561,26,0
16185,529.41,2,17.07774193548387,260,31,0
16186,4006.94,12,18.38045871559633,3020,92,1
16187,6911.4400000000005,15,23.428610169491527,5048,160,1
16188,981.86,4,14.654626865671641,782,65,0
16189,215.48,2,19.58909090909091,134,9,0
16190,215.08,1,35.84666666666667,88,6,0
16191,5180.52,13,38.66059701492538,3351,66,1
16193,314.45,1,16.55,219,19,0
16198,400.68100000000004,1,26.71206666666667,129,15,0
16200,1068.8700000000001,2,6.21436046511628,516,149,0
16201,1863.47,4,16.78801801801802,1286,74,1
16202,365.27,1,20.292777777777776,191,18,0
16203,592.9,4,16.939999999999998,262,27,0
16204,384.18,1,7.6836,218,45,0
16205,757.63,4,7.810618556701031,516,75,0
16206,537.0600000000001,4,8.524761904761906,272,52,0
16207,394.38,1,20.756842105263157,140,19,0
16208,664.26,2,10.064545454545454,333,62,0
16209,2262.62,5,49.18739130434783,1179,38,1
16210,21086.3,18,171.43333333333334,7559,75,1
16211,547.02,1,23.783478260869565,154,23,0
16212,690.34,2,16.837560975609758,244,40,0
16213,159.0,1,26.5,48,6,0
16214,1062.75,3,24.15340909090909,420,36,0
16215,242.35,1,17.310714285714287,104,14,0
16216,914.9300000000001,1,24.72783783783784,254,37,0
16217,304.25,2,20.283333333333335,91,13,0
16218,3084.68,7,36.72238095238095,2088,59,1
16221,860.86,3,9.061684210526316,714,90,0
16222,773.55,1,6.340573770491803,325,120,0
16224,1295.3,4,13.492708333333333,1116,90,0
16225,1096.32,5,8.181492537313432,493,109,0
16226,255.12,3,31.89,192,6,0
16227,314.22,1,52.370000000000005,90,6,0
16229,1010.6,2,21.50212765957447,318,46,0
16230,542.03,2,15.486571428571429,365,32,0
16232,990.88,4,26.78054054054054,550,24,0
16233,536.6800000000001,3,24.394545454545458,174,22,0
16235,867.3100000000001,5,18.854565217391304,330,42,0
16236,432.2,1,21.61,184,20,0
16239,414.2,2,21.8,228,18,0
16240,3718.8,2,27.546666666666667,1641,126,1
16241,2590.31,13,3.9546717557251907,1443,351,1
16242,3579.86,7,12.259794520547945,1969,187,1
16243,409.1,2,8.02156862745098,110,49,0
16244,1522.75,2,16.733516483516482,855,88,0
16245,1413.66,3,15.707333333333334,1014,80,0
16247,114.56,1,7.16,182,16,0
16248,152.94,1,21.84857142857143,78,7,0
16249,1800.07,5,26.08797101449275,950,67,1
16250,389.44,2,16.226666666666667,208,22,0
16253,3683.86,2,29.95008130081301,3233,114,1
16255,2619.91,8,9.70337037037037,1767,149,1
16256,752.4300000000001,1,57.87923076923077,581,13,0
16257,46.95,1,23.475,2,2,0
16258,5203.51,5,38.54451851851852,2994,111,1
16260,1035.45,1,57.525000000000006,311,18,0
16261,728.54,4,6.122184873949579,301,96,0
16265,5447.0,9,21.112403100775193,2646,167,1
16266,861.89,7,14.129344262295081,398,44,0
16268,667.65,2,14.836666666666666,533,45,0
16270,1141.24,1,21.134074074074075,688,54,0
16271,1404.64,5,10.804923076923078,1024,90,0
16272,411.7,1,16.468,224,25,0
16274,351.75,1,5.411538461538462,153,64,0
16275,559.87,1,16.965757575757575,336,33,0
16276,810.6,1,135.1,420,6,0
16278,566.38,1,24.625217391304346,114,23,0
16279,1502.78,3,14.177169811320754,1046,102,0
16281,2062.06,1,121.29764705882353,934,17,1
16282,168.3,1,15.3,114,11,0
16283,1570.81,5,9.462710843373493,1236,119,0
16284,812.68,2,7.89009708737864,535,87,0
16287,142.5,1,17.8125,298,8,0
16292,302.25,1,17.779411764705884,191,17,0
16293,2248.9900000000002,10,19.059237288135595,982,103,1
16295,1328.55,4,16.817088607594936,841,70,0
16297,301.9,1,15.094999999999999,206,20,0
16298,598.2,3,22.15555555555556,198,22,0
16302,233.22,1,21.201818181818183,158,11,0
16303,5360.63,3,33.09030864197531,2659,119,1
16305,361.22,1,16.41909090909091,256,22,0
16306,632.27,6,15.42121951219512,487,36,0
16308,2560.0,4,640.0,8000,1,1
16309,706.57,2,16.823095238095238,467,39,0
16311,616.26,2,16.655675675675674,394,35,0
16313,274.15000000000003,2,17.134375000000002,165,16,0
16315,226.37,1,16.169285714285714,75,14,0
16316,2938.91,8,19.46298013245033,1484,122,1
16317,1341.65,3,19.444202898550724,890,64,0
16318,328.15000000000003,1,17.27105263157895,199,19,0
16319,404.40000000000003,1,134.8,72,3,0
16320,1038.46,2,18.543928571428573,732,56,0
16321,373.65000000000003,5,31.137500000000003,135,7,0
16322,326.75,2,8.83108108108108,231,28,0
16323,207.50000000000003,1,207.50000000000003,50,1,0
16324,408.59000000000003,3,3.6809909909909915,270,100,0
16325,594.24,3,33.013333333333335,194,14,0
16326,3039.2200000000003,14,10.130733333333334,682,159,1
16327,3820.27,6,12.051324921135647,2560,143,1
16330,251.91,3,6.4592307692307696,147,39,0
16332,1582.8,7,10.482119205298012,797,126,0
16333,26626.8,22,591.7066666666667,32184,9,1
16337,151.05,1,15.105,87,10,0
16338,214.8,1,19.527272727272727,94,11,0
16339,94.05,1,5.225,21,17,0
16340,534.31,1,3.789432624113475,486,124,0
16341,1971.8700000000001,4,25.608701298701302,1398,60,1
16342,322.41,4,21.494000000000003,157,10,0
16343,328.58,2,7.641395348837209,175,29,0
16344,101.10000000000001,1,50.550000000000004,18,1,0
16345,565.46,1,15.282702702702704,288,35,0
16347,847.45,2,9.97,341,61,0
16348,1415.65,7,6.376801801801802,805,158,0
16349,53.5,1,5.944444444444445,9,9,0
16350,1116.47,4,19.58719298245614,545,41,0
16351,153.9,1,19.2375,90,8,0
16352,494.44,2,17.658571428571427,300,28,0
16353,6675.71,23,71.0181914893617,2006,51,1
16354,395.8,2,10.148717948717948,150,38,0
16356,211.77,3,6.831290322580646,93,20,0
16357,658.88,3,19.378823529411765,246,31,0
16358,2027.5,4,18.60091743119266,1302,83,1
16359,1750.92,9,26.52909090909091,1183,39,1
16360,3450.41,6,5.425172955974842,2110,365,1
16361,891.21,4,8.569326923076924,418,87,0
16362,709.99,5,9.220649350649351,340,58,0
16363,109.36000000000001,1,21.872000000000003,52,5,0
16364,705.79,2,13.572884615384615,279,48,0
16365,1540.42,9,30.2043137254902,504,46,0
16366,327.3,1,18.183333333333334,256,18,0
16367,800.67,2,6.304488188976378,643,123,0
16368,479.91,2,6.955217391304348,251,58,0
16369,1545.41,3,13.20863247863248,1030,91,0
16370,1301.91,4,5.890995475113122,640,143,0
16372,355.73,2,3.866630434782609,158,86,0
16374,466.73,2,4.281926605504587,237,101,0
16376,974.96,2,7.991475409836066,691,104,0
16377,676.2,1,135.24,1500,5,0
16378,362.95,3,15.780434782608696,267,22,0
16379,2157.4,4,19.975925925925928,1410,87,1
16380,1743.1499999999999,1,56.23064516129032,1428,28,1
16383,643.76,2,6.568979591836735,467,80,0
16384,584.5,2,17.71212121212121,260,33,0
16385,554.86,3,9.734385964912281,258,52,0
16386,302.57,2,3.735432098765432,205,76,0
16387,94.36,1,23.59,44,4,0
16389,1382.0700000000002,4,40.64911764705883,1242,33,0
16392,217.89000000000001,1,5.0672093023255815,201,41,0
16393,3040.96,13,9.299571865443426,1573,125,1
16394,1555.34,5,18.73903614457831,2604,62,0
16395,1482.06,5,7.194466019417476,1472,153,0
16398,1705.8,2,20.802439024390242,758,76,1
16399,408.02,2,5.666944444444444,263,68,0
16400,303.93,1,10.480344827586206,172,28,0
16401,4098.32,12,22.033978494623653,3882,69,1
16402,293.45,2,5.148245614035088,146,55,0
16403,177.5,1,17.75,114,10,0
16404,443.05,1,19.26304347826087,157,23,0
16405,167.25,2,33.45,187,3,0
16406,154.35,1,2.661206896551724,116,54,0
16407,2079.68,10,12.379047619047618,1093,100,1
16409,2022.98,5,8.757489177489177,1304,147,1
16411,211.7,2,4.8113636363636365,131,41,0
16412,135.99,1,4.533,63,25,0
16413,262.2,1,8.458064516129031,148,30,0
16414,126.25,2,18.035714285714285,27,5,0
16415,200.27,1,4.2610638297872345,178,45,0
16416,1051.4,3,14.808450704225354,672,59,0
16418,631.12,3,6.643368421052632,280,76,0
16419,958.71,6,19.1742,428,36,0
16422,34684.4,51,93.99566395663958,33704,69,1
16423,346.12,1,19.22888888888889,230,18,0
16424,133.56,1,26.712,88,5,0
16425,302.7,1,14.414285714285715,199,21,0
16426,1863.76,10,5.279773371104816,1215,211,1
16427,241.06,2,26.784444444444446,156,8,0
16429,284.55,1,142.275,9,2,0
16430,300.85,1,50.14166666666667,103,6,0
16431,623.28,3,8.201052631578946,442,51,0
16432,287.40000000000003,1,35.925000000000004,276,8,0
16433,184.26,1,10.838823529411764,106,17,0
16434,1511.8,7,14.128971962616822,760,88,0
16438,798.35,5,6.04810606060606,463,73,0
16440,3640.67,5,12.91017730496454,2018,187,1
16441,381.2,2,15.883333333333333,173,22,0
16442,609.3,3,3.563157894736842,443,161,0
16444,654.67,4,7.793690476190475,407,69,0
16445,230.51,1,3.658888888888889,111,62,0
16446,168472.5,2,56157.5,80997,3,1
16447,255.91,1,7.526764705882353,221,34,0
16448,182.99,1,9.631052631578948,76,19,0
16449,707.69,2,17.69225,367,40,0
16450,311.92,1,28.35636363636364,200,11,0
16451,266.97,1,19.069285714285716,120,14,0
16454,6.9,2,3.45,3,2,0
16455,1841.18,7,18.59777777777778,988,69,1
16456,2158.18,5,19.61981818181818,1147,82,1
16457,208.36,1,23.151111111111113,140,9,0
16458,3482.7400000000002,18,17.241287128712873,2154,53,1
16460,811.23,3,6.145681818181818,876,128,0
16461,142.92,1,4.46625,48,31,0
16462,136.0,3,45.333333333333336,16,1,0
16463,1422.4,4,17.346341463414635,1163,74,0
16464,1298.66,3,5.646347826086957,952,152,0
16466,1595.96,7,10.931232876712329,785,103,0
16468,74.9,1,37.45,31,2,0
16469,625.42,4,3.6574269005847952,260,148,0
16470,752.77,4,4.590060975609756,522,120,0
16471,223.95000000000002,1,17.22692307692308,141,13,0
16473,316.11,3,17.561666666666667,196,18,0
16474,1810.65,7,5.372848664688427,909,237,1
16475,544.3,4,19.439285714285713,319,23,0
16477,2494.46,7,17.085342465753424,1415,111,1
16478,331.0,3,19.470588235294116,224,15,0
16479,300.83,2,8.595142857142857,102,35,0
16480,769.29,1,14.514905660377357,455,51,0
16482,220.62,1,12.256666666666668,346,18,0
16483,139.35,1,7.334210526315789,44,19,0
16484,404.3,2,16.172,200,25,0
16485,363.65,1,8.658333333333333,235,41,0
16488,498.8,3,17.2,728,28,0
16491,731.5,1,18.756410256410255,478,39,0
16493,1351.63,4,24.13625,1164,40,0
16494,826.53,1,16.5306,675,47,0
16495,648.26,3,7.366590909090909,328,78,0
16496,1599.52,3,16.837052631578945,1111,92,0
16497,2965.69,6,21.80654411764706,1396,128,1
16498,100.97,2,6.731333333333334,45,15,0
16499,365.45,2,19.23421052631579,127,18,0
16500,400.86,6,36.441818181818185,123,8,0
16503,1431.93,4,17.046785714285715,569,72,0
16504,465.88,1,5.613012048192771,510,76,0
16505,777.6,1,194.4,576,4,0
16506,90.30000000000001,2,30.100000000000005,42,3,0
16509,363.70000000000005,1,27.97692307692308,64,13,0
16510,248.1,1,19.084615384615383,92,13,0
16511,918.33,3,5.7756603773584905,405,135,0
16513,874.59,4,24.988285714285716,407,33,0
16515,1624.14,5,14.631891891891893,826,89,0
16516,101.69999999999999,1,16.95,58,6,0
16517,162.70000000000002,1,9.57058823529412,96,17,0
16518,484.32,2,12.108,327,36,0
16519,215.07999999999998,2,16.544615384615383,54,13,0
16520,1046.57,3,6.708782051282051,558,129,0
16523,9418.470000000001,21,32.477482758620695,4265,154,1
16525,13027.45,26,71.18825136612023,7397,75,1
16526,290.36,1,19.357333333333333,106,15,0
16527,228.06,1,16.29,106,14,0
16528,244.41,1,14.377058823529412,171,17,0
16529,455.25,1,15.175,198,30,0
16531,1244.59,7,16.163506493506492,915,68,0
16532,6748.8,3,1687.2,2016,2,1
16533,1082.81,3,6.1523295454545455,611,112,0
16535,593.75,1,19.153225806451612,356,31,0
16536,548.12,1,10.15037037037037,250,49,0
16539,1388.81,4,30.862444444444442,477,36,0
16542,119.62,1,23.924,46,5,0
16545,339.3,1,113.10000000000001,78,3,0
16546,787.15,2,31.486,549,25,0
16549,4034.9,10,4.362054054054054,2294,449,1
16550,2298.97,5,9.159243027888445,1540,163,1
16551,922.12,3,28.81625,970,26,0
16552,379.73,2,22.337058823529414,219,17,0
16553,5719.82,12,68.09309523809523,4600,62,1
16554,837.1,3,16.098076923076924,402,51,0
16555,285.89,2,16.81705882352941,175,15,0
16556,3313.79,7,16.008647342995168,1890,145,1
16557,281.85,2,25.622727272727275,111,11,0
16558,8338.49,20,18.127152173913043,5377,265,1
16560,841.41,2,15.02517857142857,500,52,0
16561,511.12,2,16.48774193548387,244,29,0
16563,1077.74,1,56.72315789473684,486,19,0
16565,173.7,1,57.9,46,3,0
16566,614.66,5,34.147777777777776,362,14,0
16567,865.6,2,24.731428571428573,996,34,0
16569,124.2,1,24.84,93,5,0
16570,3738.4,10,29.66984126984127,2112,70,1
16571,1421.69,3,16.34126436781609,1239,74,0
16572,1009.6,3,17.712280701754388,532,40,0
16573,663.61,2,15.800238095238095,360,40,0
16574,451.44,1,16.122857142857143,416,28,0
16581,105.84,1,11.76,134,9,0
16582,313.62,1,52.27,164,6,0
16583,233.45,1,16.675,111,14,0
16584,936.08,2,33.431428571428576,646,25,0
16586,463.95,1,57.99375,95,8,0
16587,225.15,1,17.31923076923077,71,13,0
16589,459.24,3,13.916363636363636,368,31,0
16591,213.5,1,21.35,41,10,0
16592,4113.68,16,19.044814814814817,2927,144,1
16593,330.03,3,12.223333333333333,116,24,0
16594,181.09,1,3.416792452830189,64,53,0
16595,360.16,1,4.237176470588236,335,83,0
16596,250.15,2,20.845833333333335,97,12,0
16597,90.04,1,12.862857142857143,184,7,0
16598,145.05,1,14.505,73,10,0
16600,813.52,6,13.121290322580645,1145,50,0
16601,242.7,1,8.09,133,29,0
16602,528.08,1,18.209655172413793,336,29,0
16603,482.47,2,14.19029411764706,480,34,0
16607,3347.71,14,19.46343023255814,2859,140,1
16609,5493.46,7,19.903840579710145,2420,158,1
16610,75.66,1,12.61,66,6,0
16611,129.49,1,12.949000000000002,47,9,0
16612,1187.66,4,17.994848484848486,506,48,0
16613,618.59,1,20.619666666666667,293,30,0
16614,506.19,1,19.468846153846155,223,26,0
16616,500.42,2,15.164242424242424,370,31,0
16617,151.85,1,30.369999999999997,91,5,0
16618,2647.59,5,27.579062500000003,1363,79,1
16619,226.21,1,16.157857142857143,133,14,0
16620,178.96,2,19.884444444444444,88,9,0
16621,813.48,4,28.05103448275862,302,22,0
16623,129.45000000000002,1,25.890000000000004,39,5,0
16624,810.57,2,16.886875,488,44,0
16625,333.08,1,14.481739130434782,164,23,0
16626,4413.1,17,24.65418994413408,2690,87,1
16627,322.8,1,16.14,162,20,0
16628,2188.05,5,18.701282051282053,1205,79,1
16629,408.63,2,6.8105,489,58,0
16633,2883.1,6,18.967763157894737,1138,115,1
16634,217.9,2,24.211111111111112,82,9,0
16637,1154.47,4,16.73144927536232,927,66,0
16638,1680.72,10,17.88,1255,92,1
16639,1257.51,3,25.150199999999998,510,48,0
16641,231.1,1,19.258333333333333,256,12,0
16642,688.33,2,20.245,479,32,0
16643,487.51,1,18.055925925925926,269,27,0
16644,833.78,2,13.448064516129032,826,62,0
16647,214.06,2,15.290000000000001,146,12,0
16648,290.66,1,15.297894736842107,281,19,0
16650,518.42,1,21.60083333333333,372,24,0
16652,6773.97,7,57.406525423728816,3283,74,1
16653,1212.66,2,17.574782608695653,733,67,0
16654,601.27,4,20.733448275862067,282,29,0
16655,3789.52,6,14.688062015503876,2363,208,1
16656,8625.8,15,118.16164383561643,8894,14,1
16657,874.43,4,4.554322916666666,1130,158,0
16658,123.24,1,15.405,40,8,0
16659,39.12,1,19.56,72,2,0
16660,1267.65,4,79.228125,571,16,0
16665,135.4,1,15.044444444444444,59,9,0
16666,118.98,1,3.718125,233,31,0
16667,567.1800000000001,2,10.907307692307693,236,52,0
16668,306.72,6,15.336000000000002,318,9,0
16669,1348.88,3,8.646666666666667,881,141,0
16670,4095.9,11,16.25357142857143,2556,181,1
16671,1692.27,3,282.045,875,3,1
16672,8134.9400000000005,20,71.35912280701754,2832,22,1
16674,304.24,2,3.2713978494623657,181,89,0
16676,1592.12,4,17.888988764044942,636,76,0
16678,3109.99,12,19.07969325153374,2397,93,1
16679,129.75,1,43.25,29,3,0
16680,183.7,1,18.369999999999997,94,10,0
16681,1770.3400000000001,6,40.23500000000001,1407,19,1
16682,1028.0,5,34.266666666666666,1040,15,0
16684,66653.56,28,240.6265703971119,50255,121,1
16685,324.24,2,5.2296774193548385,396,60,0
16686,2959.88,7,5.440955882352942,1977,410,1
16688,1260.8600000000001,4,20.33645161290323,804,52,0
16689,422.6,2,32.50769230769231,330,12,0
16690,225.58,2,18.798333333333336,138,10,0
16692,1276.0,2,425.3333333333333,152,2,0
16693,477.86,2,8.099322033898305,203,58,0
16696,657.9,4,65.78999999999999,146,7,0
16697,112.75,1,5.369047619047619,27,20,0
16698,1998.0,2,399.6,840,4,1
16700,5076.55,13,16.482305194805196,4024,165,1
16701,5398.3,13,37.488194444444446,6393,100,1
16705,14034.99,20,51.98144444444444,5476,136,1
16706,531.35,3,4.319918699186992,249,108,0
16708,656.63,1,24.31962962962963,285,27,0
16709,3029.87,5,38.35278481012658,851,65,1
16710,2467.9900000000002,10,6.263934010152285,1823,273,1
16711,1651.03,5,75.04681818181818,833,18,0
16712,3611.31,11,8.245,1730,260,1
16713,6910.78,15,11.164426494345719,4271,345,1
16714,1129.06,3,12.977701149425286,589,77,0
16715,301.71999999999997,1,15.879999999999999,642,19,0
16716,901.2,2,450.6,120,1,0
16717,3843.08,6,19.40949494949495,1860,179,1
16718,606.0500000000001,1,13.773863636363638,407,41,0
16719,1770.22,7,9.031734693877551,1175,109,1
16720,152.95,1,6.117999999999999,180,25,0
16721,292.47,1,7.904594594594595,172,37,0
16722,4730.81,13,21.025822222222224,5001,98,1
16723,576.4,2,13.723809523809523,398,37,0
16725,758.27,7,5.229448275862069,288,110,0
16726,1358.74,5,7.633370786516854,945,122,0
16727,256.32,1,5.825454545454545,167,41,0
16728,1048.28,4,3.9858555133079845,671,219,0
16729,7205.33,21,10.983734756097562,5722,239,1
16730,743.11,3,9.062317073170732,994,75,0
16732,603.75,1,21.5625,317,28,0
16734,646.76,3,12.437692307692307,345,44,0
16735,2247.41,5,19.374224137931034,1532,90,1
16737,417.6,1,417.6,288,1,0
16738,3.75,1,3.75,3,1,0
16739,323.0,1,24.846153846153847,172,13,0
16742,464.9,1,464.9,1,1,0
16743,2213.13,7,11.648052631578947,2035,90,1
16744,1291.91,7,5.4741949152542375,798,198,0
16745,7180.7,17,20.227323943661972,6719,150,1
16746,6680.11,18,15.045292792792791,4660,239,1
16747,836.0600000000001,2,19.906190476190478,583,35,0
16748,1515.9,5,21.969565217391306,880,44,0
16750,623.93,5,6.567684210526315,214,74,0
16751,1764.72,1,70.5888,1031,24,1
16752,207.5,1,23.055555555555557,54,9,0
16753,223.92000000000002,1,6.5858823529411765,189,34,0
16754,2002.4,1,1001.2,4280,2,1
16755,1475.43,3,8.942,1058,134,0
16756,239.4,1,18.415384615384617,106,13,0
16757,106.83000000000001,1,15.261428571428572,81,7,0
16758,369.34000000000003,1,16.78818181818182,203,22,0
16759,789.79,3,18.804523809523808,609,40,0
16761,316.62,1,24.355384615384615,341,13,0
16762,1207.24,3,19.162539682539684,480,51,0
16763,611.8499999999999,1,26.602173913043476,319,23,0
16764,2790.9500000000003,13,3.987071428571429,1253,210,1
16765,34.0,1,34.0,4,1,0
16766,1145.6,2,33.69411764705882,536,17,0
16767,5575.56,11,25.22877828054299,4423,148,1
16768,478.09000000000003,3,8.85351851851852,196,47,0
16769,361.54,1,9.51421052631579,80,33,0
16770,757.1,5,5.407857142857143,456,116,0
16771,2242.61,5,8.829173228346457,1487,200,1
16773,171.59,1,6.599615384615385,171,23,0
16774,661.52,4,13.781666666666666,322,36,0
16775,1691.51,11,10.773949044585986,439,85,1
16776,371.54,1,5.232957746478873,254,61,0
16777,222.62,2,4.6379166666666665,62,45,0
16778,245.94,2,15.37125,194,16,0
16779,10611.72,22,32.05957703927492,5301,165,1
16780,422.24,2,7.156610169491525,270,51,0
16781,311.25,1,18.308823529411764,113,17,0
16782,2267.9500000000003,13,12.393169398907105,705,105,1
16784,107.6,1,35.86666666666667,24,3,0
16788,594.39,2,4.016148648648649,304,138,0
16789,80.80000000000001,1,16.160000000000004,32,5,0
16790,1545.6200000000001,6,16.61956989247312,898,88,0
16791,1705.78,7,5.432420382165605,757,219,1
16792,110.38,2,9.198333333333332,44,11,0
16793,243.84,1,15.24,146,16,0
16794,1196.5,10,4.303956834532374,923,144,0
16795,414.88,1,6.286060606060606,239,64,0
16796,305.62,1,16.97888888888889,186,18,0
16800,1162.65,1,7.452884615384616,524,148,0
16801,1594.23,4,21.2564,493,72,0
16803,332.3,1,13.845833333333333,245,24,0
16804,536.99,3,8.949833333333334,246,59,0
16805,460.59000000000003,2,4.699897959183674,539,94,0
16806,762.16,4,8.195268817204301,356,68,0
16807,1121.59,3,16.740149253731342,778,58,0
16808,288.42,2,12.540000000000001,196,21,0
16809,914.69,5,6.138859060402685,652,81,0
16810,309.54,1,20.636000000000003,114,15,0
16811,547.07,2,19.538214285714286,477,26,0
16812,479.35,1,31.956666666666667,81,15,0
16813,1652.18,10,3.878356807511737,1501,250,0
16814,6416.7,21,20.115047021943575,2697,122,1
16816,417.06,4,14.895,274,28,0
16817,1604.75,9,18.65988372093023,822,73,0
16818,3349.57,11,17.81686170212766,2164,172,1
16820,497.61,1,19.138846153846153,307,26,0
16823,358.38,1,9.431052631578947,136,34,0
16824,460.64,2,17.716923076923077,236,23,0
16825,775.18,2,27.685,566,27,0
16826,341.7,1,15.531818181818181,158,22,0
16828,128.5,2,16.0625,59,8,0
16829,197.22,1,17.92909090909091,99,11,0
16830,325.91,1,14.170000000000002,264,23,0
16832,199.15,3,16.595833333333335,33,11,0
16833,1106.53,4,23.5431914893617,440,46,0
16834,413.46,1,17.2275,358,24,0
16835,180.85,2,18.085,61,10,0
16836,251.87,2,22.89727272727273,165,11,0
16837,3170.98,11,19.218060606060607,1563,123,1
16838,588.85,2,23.554000000000002,185,24,0
16839,16594.35,34,62.38477443609022,8975,118,1
16841,1869.82,6,16.119137931034484,2250,101,1
16842,1264.19,3,20.066507936507936,693,47,0
16843,10196.57,16,26.97505291005291,10159,229,1
16846,214.32,1,19.483636363636364,135,11,0
16847,193.44,1,16.12,78,12,0
16848,281.42,1,20.101428571428574,182,14,0
16849,124.57,1,15.57125,33,8,0
16850,332.41,1,17.495263157894737,249,19,0
16851,342.45,3,17.1225,271,17,0
16852,144.91,2,16.10111111111111,56,9,0
16855,328.40000000000003,2,17.284210526315793,164,19,0
16856,35.400000000000006,1,17.700000000000003,12,2,0
16858,375.69000000000005,1,37.569,91,9,0
16859,747.81,2,14.380961538461538,827,50,0
16861,173.76,2,28.959999999999997,140,6,0
16863,502.8,2,19.338461538461537,409,25,0
16866,207.74,3,18.885454545454547,60,10,0
16869,817.12,4,6.434015748031496,583,113,0
16871,2812.34,6,20.528029197080293,1253,131,1
16872,680.02,3,97.14571428571428,600,5,0
16873,7123.62,6,25.53268817204301,3840,180,1
16875,2095.53,5,18.710089285714286,1069,94,1
16877,846.62,6,5.427051282051282,458,111,0
16878,13.3,1,4.433333333333334,12,3,0
16880,1491.43,7,8.571436781609195,746,120,0
16881,432.0,1,432.0,600,1,0
16882,705.12,3,18.080000000000002,424,39,0
16883,272.48,2,7.364324324324325,103,33,0
16884,429.84,2,16.53230769230769,320,26,0
16885,450.41,3,4.691770833333334,178,82,0
16887,192.32999999999998,1,5.342499999999999,156,35,0
16889,1578.67,3,11.693851851851852,925,112,0
16891,742.43,5,3.991559139784946,265,166,0
16892,518.19,5,5.3421649484536085,236,88,0
16893,145.93,1,3.242888888888889,62,44,0
16895,202.27,1,3.26241935483871,91,57,0
16897,289.78,2,7.831891891891891,73,37,0
16898,501.03000000000003,3,3.1912738853503186,412,150,0
16899,1271.06,6,10.333821138211382,520,81,0
16900,887.11,3,11.229240506329115,833,78,0
16902,1706.88,1,38.79272727272728,629,43,1
16903,363.2,1,6.485714285714286,247,50,0
16904,3653.75,16,5.4943609022556394,1984,387,1
16905,3037.6,7,15.2643216080402,1381,118,1
16906,559.59,4,6.506860465116279,263,74,0
16907,928.76,5,6.634,286,89,0
16909,379.14,1,21.063333333333333,436,18,0
16910,1508.96,8,2.7687339449541284,884,318,0
16912,2555.58,11,25.555799999999998,1025,88,1
16913,113.44,1,14.18,82,8,0
16914,183.76,1,6.125333333333333,112,25,0
16915,621.6800000000001,6,10.906666666666668,132,46,0
16916,562.41,2,4.135367647058823,431,129,0
16917,391.52,1,43.50222222222222,232,9,0
16918,1068.82,6,8.35015625,721,97,0
16919,2592.25,11,7.951687116564417,1403,141,1
16921,154.18,1,2.8032727272727276,154,50,0
16923,7069.08,19,11.292460063897764,3344,316,1
16924,829.89,3,10.245555555555555,467,69,0
16926,230.25,1,16.446428571428573,35,14,0
16927,543.05,3,90.50833333333333,993,5,0
16928,2814.7,17,13.797549019607843,2092,68,1
16929,1295.39,7,16.823246753246753,929,51,0
16930,378.89,3,7.148867924528302,339,47,0
16931,4554.87,21,5.140936794582393,3134,451,1
16932,150.23000000000002,1,3.129791666666667,82,44,0
16933,563.23,2,12.800681818181818,288,42,0
16934,931.03,2,15.262786885245902,397,59,0
16936,261.9,1,4.676785714285714,171,56,0
16938,2711.6800000000003,4,11.539063829787235,2533,215,1
16940,3049.88,3,9.99960655737705,2169,227,1
16942,1904.99,9,6.877220216606498,805,161,1
16943,816.73,3,24.74939393939394,145,23,0
16945,4345.5,19,17.451807228915662,2725,139,1
16947,406.48,1,19.356190476190477,312,21,0
16948,435.02,3,22.89578947368421,1614,15,0
16949,1286.27,6,21.437833333333334,791,57,0
16950,1178.56,3,28.06095238095238,644,39,0
16951,1277.75,3,14.857558139534884,1318,73,0
16952,167.61,2,10.475625,92,16,0
16953,20.8,1,20.8,10,1,0
16954,2085.08,9,38.61259259259259,1054,40,1
16955,518.67,4,20.746799999999997,266,18,0
16956,308.74,1,19.29625,114,16,0
16957,416.64,2,26.04,172,15,0
16959,117.35000000000001,1,16.764285714285716,49,7,0
16960,507.05,3,5.02029702970297,304,93,0
16961,234.17000000000002,1,16.726428571428574,125,14,0
16963,110.55000000000001,1,15.792857142857144,35,7,0
16965,201.19,1,7.738076923076923,291,26,0
16966,2154.97,7,76.96321428571427,1981,8,1
16967,319.02,1,15.19142857142857,333,21,0
16968,439.43,2,14.175161290322581,326,31,0
16969,650.41,3,15.48595238095238,816,42,0
16971,357.21,1,8.712439024390243,72,40,0
16976,251.51999999999998,1,125.75999999999999,88,2,0
16978,344.33,1,8.828974358974358,166,39,0
16979,1852.0,6,20.808988764044944,865,64,1
16980,1028.46,2,12.697037037037038,739,71,0
16982,384.06,1,17.457272727272727,182,22,0
16983,1905.87,7,13.327762237762236,1335,113,1
16984,4459.52,2,11.148800000000001,2380,354,1
16985,5464.12,10,45.53433333333333,1832,63,1
16986,1873.2,2,624.4,1040,3,1
16987,1616.8,7,12.63125,401,75,0
16988,126.12,1,18.017142857142858,43,7,0
16989,1133.25,6,94.4375,1233,8,0
16990,179.0,1,179.0,100,1,0
16992,1614.31,5,17.358172043010754,860,84,0
16996,1456.96,6,39.3772972972973,544,13,0
16997,702.0,3,58.5,360,8,0
16998,295.0,4,73.75,76,1,0
16999,484.82,2,21.07913043478261,294,21,0
17001,3989.57,11,23.606923076923078,2164,77,1
17002,1493.73,3,30.484285714285715,679,42,0
17004,1312.1399999999999,2,30.51488372093023,771,38,0
17006,781.78,4,17.76772727272727,272,37,0
17007,889.9300000000001,6,17.114038461538463,597,50,0
17010,195.36,1,17.76,118,11,0
17011,270.9,1,18.06,186,15,0
17014,583.4300000000001,3,8.103194444444446,243,63,0
17015,1838.61,3,8.59163551401869,1978,183,1
17017,8694.26,20,34.50103174603175,6673,92,1
17018,920.1,2,57.50625,176,15,0
17019,1258.08,4,5.517894736842105,820,172,0
17022,71.0,1,10.142857142857142,108,7,0
17024,95.85,3,31.95,69,2,0
17025,357.77,3,39.75222222222222,235,8,0
17026,154.83,2,38.7075,97,4,0
17027,877.5600000000001,6,5.92945945945946,416,110,0
17029,716.0,2,358.0,400,1,0
17030,146.87,1,13.351818181818182,146,11,0
17031,380.35,2,17.288636363636364,235,19,0
17033,1030.14,3,36.79071428571429,750,25,0
17034,745.52,3,24.850666666666665,410,28,0
17035,433.53000000000003,2,15.483214285714286,229,27,0
17037,1267.32,1,16.8976,656,75,0
17038,112.4,1,5.109090909090909,28,22,0
17040,449.73,1,29.982000000000003,181,15,0
17041,1071.49,3,15.528840579710145,927,59,0
17042,1036.58,5,10.686391752577318,990,74,0
17043,1735.18,4,17.01156862745098,998,100,1
17044,948.48,1,158.08,504,6,0
17045,339.44,3,15.42909090909091,106,20,0
17046,642.02,1,29.182727272727274,510,22,0
17047,1100.9,3,16.93692307692308,533,59,0
17048,925.35,3,21.519767441860466,485,41,0
17049,5655.03,9,17.839211356466876,2673,202,1
17050,3185.64,6,10.342987012987013,1595,169,1
17051,240.89,1,5.73547619047619,179,40,0
17052,399.09,1,4.808313253012048,251,72,0
17053,498.48,1,38.34461538461539,122,13,0
17054,1356.33,5,16.34132530120482,804,65,0
17058,1179.89,3,19.030483870967743,592,51,0
17059,3080.39,5,5.9929766536964975,1850,297,1
17060,234.24,1,46.848,216,5,0
17061,5232.2300000000005,11,52.850808080808086,1526,57,1
17062,533.33,4,7.7294202898550735,418,52,0
17063,1461.14,7,18.732564102564105,770,67,0
17064,855.45,3,14.02377049180328,316,53,0
17068,4552.14,21,15.378851351351353,2164,118,1
17069,2709.7000000000003,9,18.948951048951052,1506,113,1
17070,304.24,1,4.9070967741935485,131,62,0
17071,2429.03,9,17.350214285714287,1197,103,1
17073,1446.09,4,8.310862068965516,759,142,0
17075,834.12,4,10.832727272727272,292,65,0
17076,841.0799999999999,3,33.6432,295,18,0
17078,378.2,2,13.507142857142856,788,28,0
17079,118.80000000000001,1,59.400000000000006,24,2,0
17080,287.62,2,35.9525,166,8,0
17081,288.91,2,4.585873015873016,77,55,0
17082,2003.8500000000001,2,24.73888888888889,1049,76,1
17083,1405.78,3,27.034230769230767,772,28,0
17084,2747.9900000000002,2,18.44288590604027,1702,146,1
17085,1562.4,5,8.4,785,115,0
17086,2050.08,6,21.355,1859,76,1
17088,1991.01,4,17.313130434782607,868,98,1
17090,1974.65,7,32.37131147540984,903,45,1
17091,3827.76,9,19.629538461538463,1746,120,1
17092,1774.03,4,14.306693548387097,1130,99,1
17094,302.0,1,21.571428571428573,152,14,0
17095,1324.16,3,17.894054054054056,618,69,0
17096,1022.13,4,21.294375,339,46,0
17097,954.42,8,4.523317535545024,459,153,0
17100,971.74,2,14.949846153846154,800,65,0
17101,1621.73,4,38.61261904761905,815,29,0
17102,25.5,1,25.5,2,1,0
17105,665.78,2,7.397555555555555,693,80,0
17107,10797.48,6,25.955480769230768,4826,272,1
17109,881.29,6,7.597327586206896,588,107,0
17110,163.29999999999998,1,13.608333333333333,50,12,0
17111,231.61,1,7.986551724137931,282,29,0
17114,801.12,8,6.5131707317073175,215,86,0
17115,837.5,3,21.474358974358974,372,33,0
17117,116.2,1,12.911111111111111,68,9,0
17118,157.02,1,15.702000000000002,154,10,0
17119,606.91,2,17.340285714285713,334,35,0
17120,307.46,1,17.08111111111111,120,18,0
17122,138.32,1,19.759999999999998,80,7,0
17123,345.3,1,38.36666666666667,246,9,0
17124,294.24,1,9.491612903225807,129,31,0
17125,230.5,1,6.585714285714285,281,34,0
17126,989.45,5,3.989717741935484,780,187,0
17128,157.09,1,11.220714285714285,76,14,0
17131,2463.17,5,18.38186567164179,983,78,1
17133,4892.240000000001,7,181.1940740740741,2730,13,1
17134,413.2,2,17.965217391304346,98,21,0
17135,1139.73,7,21.917884615384615,1224,35,0
17138,380.5,1,15.854166666666666,126,24,0
17139,10650.77,12,22.328658280922433,5176,313,1
17140,454.12,1,25.22888888888889,296,16,0
17142,579.0,1,38.6,81,15,0
17144,984.57,2,20.511875,483,42,0
17146,749.78,3,21.422285714285714,212,33,0
17147,1714.59,4,21.167777777777776,882,68,1
17148,124.88,1,13.875555555555556,82,9,0
17152,1689.5,3,120.67857142857143,517,9,1
17153,213.78,1,15.27,104,14,0
17154,329.34,1,14.319130434782608,490,23,0
17155,251.7,2,12.584999999999999,242,19,0
17157,319.0,2,24.53846153846154,172,11,0
17158,1266.97,3,18.91,778,53,0
17159,1538.88,3,15.236435643564358,1111,97,0
17160,3518.03,6,15.362576419213974,2856,113,1
17162,1715.46,10,16.494807692307692,1001,82,1
17163,293.1,2,58.620000000000005,66,3,0
17164,2467.35,7,17.134375,1501,92,1
17165,158.68,1,15.868,100,10,0
17166,206.34,2,17.195,78,11,0
17169,835.78,2,15.477407407407407,526,51,0
17171,224.91,1,14.056875,185,16,0
17172,317.76,1,21.184,480,15,0
17173,3766.6,8,43.79767441860465,1122,36,1
17174,59.9,1,14.975,41,4,0
17175,1443.69,4,22.915714285714287,866,42,0
17176,306.13,1,20.408666666666665,170,15,0
17179,711.79,3,8.897375,290,61,0
17180,783.97,4,6.2717600000000004,670,91,0
17181,239.92000000000002,2,10.431304347826087,241,23,0
17183,3347.31,6,45.85356164383562,1296,42,1
17186,144.0,2,72.0,200,1,0
17187,203.95,1,20.395,144,10,0
17188,2474.23,7,29.455119047619046,1328,71,1
17189,383.75,2,6.395833333333333,226,52,0
17190,444.74,2,23.40736842105263,161,19,0
17191,2093.68,7,8.871525423728812,1166,164,1
17193,1699.3,7,53.103125,1254,18,1
17194,262.62,2,9.055862068965517,119,26,0
17197,1013.01,1,34.93137931034483,191,29,0
17198,692.22,3,7.210625,357,89,0
17201,289.78000000000003,1,7.625789473684211,231,38,0
17203,3560.08,6,24.054594594594594,2846,116,1
17204,1564.56,4,27.448421052631577,646,44,0
17205,384.08,1,29.544615384615383,884,13,0
17206,204.24,1,29.177142857142858,76,7,0
17211,2317.2200000000003,8,10.982085308056874,1323,153,1
17212,226.85,1,56.7125,147,4,0
17213,2781.23,7,17.71484076433121,1176,86,1
17214,1059.1200000000001,6,10.486336633663367,272,79,0
17217,113.5,1,12.61111111111111,24,9,0
17218,1951.97,10,7.202841328413284,955,146,1
17219,114.23,1,4.5692,89,24,0
17220,3187.55,14,6.8255888650963605,1897,307,1
17221,334.48,2,5.39483870967742,287,59,0
17222,328.65,1,12.17222222222222,122,27,0
17223,416.89,2,8.685208333333334,110,43,0
17226,393.49,1,18.73761904761905,406,21,0
17227,939.32,6,19.985531914893617,741,28,0
17228,1906.09,8,9.16389423076923,1532,145,1
17229,318.76,2,6.782127659574468,185,39,0
17230,3638.41,8,52.73057971014492,1651,51,1
17231,3124.72,10,5.884595103578154,1724,295,1
17232,417.77,2,11.936285714285713,202,30,0
17233,190.88,1,7.6352,131,25,0
17234,149.89,1,10.706428571428571,55,14,0
17235,550.0600000000001,2,18.967586206896552,224,24,0
17236,916.13,6,8.725047619047618,474,88,0
17237,314.69,2,16.562631578947368,105,18,0
17238,3719.1,17,6.701081081081081,1807,304,1
17239,382.5,1,25.5,150,15,0
17242,1135.04,2,28.375999999999998,611,30,0
17243,8540.05,26,22.067312661498708,3320,183,1
17244,954.9,1,30.80322580645161,616,31,0
17245,171.45000000000002,1,19.05,75,9,0
17247,280.09000000000003,1,5.186851851851852,105,53,0
17248,318.65,1,4.618115942028985,213,68,0
17250,381.97,2,6.820892857142858,167,55,0
17251,269.83,1,7.2927027027027025,108,37,0
17252,348.90999999999997,2,4.057093023255813,192,86,0
17253,178.26,1,9.903333333333332,43,18,0
17254,271.19,2,2.443153153153153,251,100,0
17255,291.48,2,3.9389189189189193,227,69,0
17256,240.0,2,15.0,141,12,0
17259,581.23,2,5.010603448275862,388,104,0
17262,1253.3600000000001,5,104.44666666666667,367,9,0
17263,63.440000000000005,1,2.7582608695652175,36,23,0
17265,550.01,2,4.50827868852459,389,106,0
17266,296.58,3,4.062739726027397,153,60,0
17267,317.2,2,8.572972972972973,158,37,0
17268,763.64,4,127.27333333333333,844,3,0
17272,2148.63,4,18.847631578947368,1778,71,1
17274,107.82,1,4.312799999999999,77,24,0
17277,1065.3500000000001,2,15.43985507246377,430,67,0
17278,246.04000000000002,1,16.40266666666667,179,15,0
17279,187.82999999999998,1,20.869999999999997,48,8,0
17282,1685.46,3,18.937752808988765,1866,79,1
17284,1647.48,6,5.661443298969072,1362,230,0
17286,151.37,1,3.440227272727273,117,44,0
17287,1049.06,7,8.598852459016394,556,88,0
17288,1417.6299999999999,7,10.12592857142857,1201,118,0
17289,931.02,3,8.952115384615384,513,86,0
17290,513.01,2,5.343854166666667,397,92,0
17291,550.8000000000001,1,550.8000000000001,72,1,0
17293,1854.06,9,14.04590909090909,1135,93,1
17295,547.0,3,8.044117647058824,293,53,0
17297,128.18,1,2.615918367346939,65,49,0
17298,498.42,2,16.614,387,30,0
17299,656.61,4,11.938363636363636,668,50,0
17301,163.24,1,2.7667796610169493,137,59,0
17302,1135.63,5,14.375063291139242,575,68,0
17303,250.04,1,4.717735849056604,144,53,0
17306,8631.31,19,130.77742424242425,11491,14,1
17309,82.75,1,6.895833333333333,41,11,0
17311,1384.85,2,25.179090909090906,1005,55,0
17312,644.3,3,46.021428571428565,372,11,0
17313,2328.84,1,97.03500000000001,1402,24,1
17314,2527.92,8,19.297099236641223,1896,120,1
17315,6281.2300000000005,38,13.335944798301487,3863,257,1
17317,2600.34,3,288.9266666666667,1146,8,1
17320,1200.6200000000001,3,16.446849315068494,634,59,0
17321,657.16,2,6.637979797979797,364,94,0
17323,906.52,7,4.648820512820513,760,127,0
17324,986.48,4,20.132244897959183,843,43,0
17325,96.8,1,16.133333333333333,60,6,0
17329,523.11,2,15.851818181818182,142,30,0
17330,363.9,2,60.65,120,5,0
17331,175.2,1,175.2,16,1,0
17333,494.25,1,17.651785714285715,375,28,0
17334,307.02000000000004,2,27.910909090909094,315,11,0
17337,1981.06,4,3.802418426103647,1247,419,1
17338,6493.54,8,9.00629680998613,3059,389,1
17339,243.36,2,27.040000000000003,152,9,0
17340,12353.29,11,30.352063882063884,5967,235,1
17341,682.29,3,4.3457961783439485,443,147,0
17343,193.64,1,11.390588235294118,56,17,0
17344,157.62,1,5.0845161290322585,65,31,0
17345,519.6899999999999,4,6.261325301204819,341,70,0
17346,2622.88,15,5.430393374741201,1617,302,1
17347,228.96,1,228.96,216,1,0
17348,1156.6,5,5.430046948356807,1398,180,0
17349,98.25,1,12.28125,102,8,0
17350,1281.32,4,18.30457142857143,770,66,0
17351,587.15,3,21.746296296296297,113,22,0
17353,1740.0,2,217.5,1200,5,1
17354,1393.06,1,87.06625,1006,15,0
17356,178.22,1,9.38,166,19,0
17357,384.39,2,8.736136363636364,152,41,0
17358,360.81,2,6.220862068965517,190,55,0
17359,127.86,1,8.524,161,13,0
17360,568.24,3,4.54592,328,113,0
17361,488.2,3,16.834482758620688,157,26,0
17362,312.23,2,8.920857142857143,191,30,0
17364,4462.68,11,10.991822660098522,2692,288,1
17365,4767.36,8,10.252387096774193,4749,278,1
17367,167.55,1,5.077272727272728,149,33,0
17368,1878.87,8,17.559532710280372,1377,93,1
17370,446.18,4,13.520606060606061,540,31,0
17371,418.4,3,4.865116279069767,151,83,0
17372,1337.18,8,5.3274103585657375,747,215,0
17373,646.92,4,11.349473684210526,408,47,0
17374,495.77,2,17.706071428571427,85,24,0
17375,400.1,3,5.798550724637681,367,63,0
17376,203.2,2,8.466666666666667,86,23,0
17377,4058.32,20,10.045346534653465,2038,191,1
17379,389.71999999999997,1,4.996410256410256,623,71,0
17381,20275.61,29,186.01477064220185,25649,40,1
17382,65.4,1,32.7,25,2,0
17383,193.39000000000001,1,3.946734693877551,148,49,0
17384,336.4,2,22.426666666666666,88,12,0
17385,256.11,1,5.691333333333334,197,42,0
17386,2686.42,6,95.94357142857143,1902,23,1
17387,746.81,2,9.826447368421052,522,71,0
17388,1259.56,4,83.97066666666666,1068,13,0
17389,31833.68,34,149.45389671361502,7612,45,1
17391,508.8,2,169.6,480,2,0
17392,417.27,2,7.45125,277,53,0
17394,203.86999999999998,1,50.967499999999994,241,4,0
17396,7330.8,8,271.5111111111111,2005,24,1
17397,681.41,2,7.65629213483146,250,88,0
17398,653.38,3,17.19421052631579,310,30,0
17400,2097.84,5,10.18368932038835,1088,175,1
17402,2633.85,13,44.641525423728815,701,33,1
17403,263.92,1,8.2475,111,32,0
17404,31906.82,15,161.14555555555555,32748,111,1
17405,1031.41,3,12.578170731707319,726,77,0
17406,2184.42,3,19.67945945945946,780,99,1
17408,32.65,1,16.325,3,2,0
17409,771.85,2,59.37307692307692,105,13,0
17410,1214.72,5,18.98,616,58,0
17411,778.94,3,18.998536585365855,306,39,0
17412,1258.06,7,19.061515151515152,738,50,0
17414,778.0,2,129.66666666666666,2100,5,0
17415,507.84,1,36.27428571428571,114,14,0
17416,6893.42,7,25.626096654275095,4302,187,1
17418,463.46000000000004,2,15.448666666666668,289,29,0
17419,4226.57,12,20.517330097087378,1876,155,1
17420,598.83,3,19.961000000000002,265,28,0
17422,1979.37,6,16.917692307692306,2253,93,1
17423,698.41,2,26.861923076923077,459,26,0
17425,759.1700000000001,2,17.65511627906977,407,42,0
17426,5037.26,6,18.58767527675277,3094,181,1
17427,100.8,1,50.4,34,2,0
17428,17256.85,28,52.61234756097561,9474,258,1
17429,524.9200000000001,3,13.459487179487182,624,36,0
17430,265.76,2,18.982857142857142,190,14,0
17431,403.3,1,9.37906976744186,292,41,0
17432,365.76,2,7.62,207,45,0
17433,303.16,1,5.614074074074074,185,53,0
17434,2373.82,7,17.715074626865672,1693,100,1
17436,216.3,2,24.033333333333335,90,7,0
17438,388.45000000000005,1,22.85,103,17,0
17440,186.42000000000002,3,37.284000000000006,246,3,0
17442,2248.56,6,16.656,1496,98,1
17443,534.24,1,534.24,504,1,0
17444,2940.04,3,21.778074074074073,2119,131,1
17446,120.89999999999999,2,13.433333333333332,198,6,0
17447,541.53,2,15.042499999999999,443,33,0
17449,2519.21,7,9.127572463768116,1121,178,1
17450,194390.79,46,578.5440178571429,69973,125,1
17451,1721.4,7,17.214000000000002,1203,84,1
17453,486.72,2,25.61684210526316,219,19,0
17454,517.53,4,8.484098360655738,243,57,0
17455,131.7,1,16.4625,66,8,0
17456,249.86,1,14.69764705882353,222,17,0
17457,1737.7,5,91.4578947368421,826,14,1
17458,316.5,1,5.861111111111111,170,52,0
17459,657.3,2,5.921621621621621,537,88,0
17460,622.4300000000001,6,21.463103448275863,236,18,0
17461,735.82,3,6.941698113207548,770,104,0
17462,675.69,2,25.025555555555556,227,25,0
17463,1875.8600000000001,5,9.018557692307693,1086,165,1
17464,289.96000000000004,1,32.21777777777778,220,9,0
17466,763.28,2,18.61658536585366,306,41,0
17468,137.0,2,27.4,116,5,0
17469,1870.97,5,21.261022727272728,787,63,1
17470,1125.07,5,14.423974358974359,1675,67,0
17472,697.54,3,4.0088505747126435,455,142,0
17475,194.37,1,13.883571428571429,178,14,0
17480,511.82,1,17.64896551724138,338,29,0
17481,1255.59,4,15.312073170731706,1061,69,0
17483,414.04,3,19.716190476190476,191,18,0
17486,396.87,1,16.53625,191,24,0
17489,376.64,2,12.987586206896552,428,28,0
17490,2092.32,7,27.530526315789476,1134,63,1
17491,3558.87,10,32.65018348623853,2013,76,1
17492,374.57,1,31.214166666666667,155,12,0
17495,497.56,2,18.42814814814815,229,21,0
17496,271.05,1,27.105,79,10,0
17498,272.21999999999997,1,16.012941176470587,394,17,0
17499,622.88,1,15.572,711,40,0
17500,1138.0,3,227.6,17,3,0
17501,288.6,2,16.033333333333335,160,18,0
17502,689.1,4,24.610714285714288,376,25,0
17503,558.96,2,14.709473684210527,486,36,0
17504,2997.03,9,23.598661417322838,1664,112,1
17505,1145.8400000000001,2,22.03538461538462,556,48,0
17506,302.2,1,21.585714285714285,139,14,0
17507,605.58,2,6.881590909090909,359,79,0
17508,387.31,1,17.605,289,22,0
17509,6083.64,8,16.713296703296706,3512,75,1
17510,308.48,1,15.424000000000001,214,20,0
17511,91062.38,31,94.5611422637591,64549,465,1
17512,2924.9900000000002,10,27.85704761904762,2753,61,1
17513,513.2,1,85.53333333333335,254,6,0
17514,208.65,1,5.2162500000000005,135,40,0
17515,639.02,4,7.345057471264368,243,49,0
17516,764.88,5,5.665777777777778,414,113,0
17517,153.94,1,13.994545454545454,102,11,0
17519,1844.02,6,22.488048780487805,1236,60,1
17520,546.81,1,18.226999999999997,365,30,0
17521,723.21,3,16.071333333333335,519,38,0
17522,1070.71,5,14.667260273972603,1034,59,0
17523,652.74,4,19.78,872,25,0
17524,145.0,1,24.166666666666668,90,6,0
17525,422.7,1,46.96666666666667,82,9,0
17526,1195.8999999999999,4,62.942105263157885,310,17,0
17527,939.37,4,19.98659574468085,488,45,0
17528,3628.5,8,14.34189723320158,2138,183,1
17530,2367.12,10,6.069538461538461,1514,308,1
17531,296.7,1,21.192857142857143,136,14,0
17534,223.36,1,24.817777777777778,103,9,0
17535,164.4,1,12.646153846153847,136,13,0
17536,76.5,1,25.5,6,3,0
17537,887.6700000000001,2,11.995540540540542,699,74,0
17538,98.42,1,10.935555555555556,134,9,0
17540,578.9,2,23.156,194,20,0
17542,170.75,1,6.83,134,24,0
17545,642.32,3,4.555460992907801,337,122,0
17548,103.3,1,20.66,58,5,0
17549,148.86,2,24.810000000000002,210,5,0
17550,267.16,3,6.360952380952382,86,42,0
17551,290.34,1,7.444615384615384,142,39,0
17552,930.41,4,18.987959183673468,719,43,0
17553,1487.6,1,743.8,1048,2,0
17554,1952.45,5,22.18693181818182,1763,58,1
17555,480.31,2,4.574380952380952,348,101,0
17556,157.9,1,26.316666666666666,101,6,0
17557,541.46,3,15.92529411764706,306,27,0
17560,854.95,4,32.88269230769231,635,22,0
17561,165.12,1,3.6693333333333333,144,44,0
17562,1122.38,7,17.81555555555556,817,49,0
17564,454.01,3,9.265510204081632,146,38,0
17566,869.77,2,6.125140845070423,497,113,0
17567,4331.48,8,26.251393939393935,2632,110,1
17569,344.14,1,11.866896551724137,159,29,0
17571,1425.67,4,5.260774907749078,876,247,0
17572,226.75000000000003,4,18.895833333333336,95,7,0
17573,380.6,3,15.224,308,24,0
17574,185.65,1,23.20625,77,8,0
17576,3564.83,19,8.86773631840796,1967,244,1
17578,143.45999999999998,1,28.691999999999997,138,5,0
17579,448.90000000000003,3,8.978000000000002,258,46,0
17580,215.72,3,4.793777777777778,88,43,0
17581,11025.24,25,25.114441913439634,5915,236,1
17582,175.27,1,6.043793103448277,123,28,0
17584,1242.3,2,35.494285714285716,458,30,0
17585,1116.68,4,5.368653846153847,1650,176,0
17588,1240.2,3,53.92173913043479,676,20,0
17589,2404.17,4,9.502648221343874,1631,173,1
17590,1468.02,3,7.489897959183673,822,162,0
17591,2203.67,7,14.03611464968153,1000,81,1
17593,3923.86,5,18.50877358490566,3089,191,1
17594,993.1800000000001,2,19.8636,550,42,0
17595,386.69,2,4.715731707317073,228,68,0
17596,2806.69,7,10.591283018867925,4376,168,1
17597,2044.3700000000001,1,37.17036363636364,1176,55,1
17600,161.67000000000002,1,12.436153846153847,144,13,0
17601,116.00999999999999,1,12.889999999999999,103,9,0
17602,5054.42,6,9.173176043557168,4116,336,1
17603,394.72,1,35.88363636363636,74,11,0
17604,309.36,2,4.91047619047619,169,57,0
17608,191.99,2,3.4283928571428572,229,54,0
17609,1105.78,5,4.745836909871245,719,200,0
17611,3961.12,15,6.986102292768959,2550,441,1
17612,2048.45,6,15.173703703703703,1808,118,1
17613,4544.55,14,14.851470588235294,2490,211,1
17614,386.32,1,3.9420408163265304,235,97,0
17615,329.6,3,23.542857142857144,140,13,0
17616,571.1999999999999,3,190.39999999999998,224,1,0
17618,930.28,3,13.884776119402984,319,56,0
17619,214.37,1,2.896891891891892,124,71,0
17620,81.44,1,20.36,60,4,0
17621,1379.9,3,53.073076923076925,514,24,0
17623,527.05,1,15.971212121212119,265,33,0
17624,843.48,2,16.869600000000002,554,49,0
17625,2020.4,4,6.602614379084968,1180,223,1
17628,75.75,1,15.15,79,5,0
17629,1814.1200000000001,8,14.748943089430895,1629,106,1
17630,503.6,2,19.36923076923077,158,24,0
17631,528.33,3,13.546923076923077,334,39,0
17633,1324.84,4,18.92628571428571,644,59,0
17634,2358.59,9,7.96820945945946,838,209,1
17636,285.56,1,14.278,182,20,0
17637,547.0600000000001,2,15.630285714285716,280,35,0
17639,108.5,1,15.5,49,7,0
17640,621.66,1,124.332,250,5,0
17642,712.29,2,17.80725,474,35,0
17643,101.55,1,12.69375,71,8,0
17644,2895.64,11,18.443566878980892,1793,105,1
17646,1008.39,3,19.77235294117647,323,46,0
17647,133.06,1,19.00857142857143,30,7,0
17648,1797.5,4,19.752747252747252,487,81,1
17649,868.49,1,16.70173076923077,399,52,0
17650,166.07999999999998,1,20.759999999999998,150,8,0
17651,3945.0,10,17.004310344827587,3112,151,1
17652,4867.72,12,18.794285714285714,2509,121,1
17653,1207.56,4,27.44454545454545,1409,44,0
17654,117.55,1,5.343181818181818,41,22,0
17655,2638.94,7,28.99934065934066,1116,66,1
17656,1674.69,5,20.423048780487804,1399,68,1
17658,595.42,2,31.337894736842102,616,17,0
17659,2999.46,12,18.98392405063291,1525,127,1
17660,178.75,1,4.703947368421052,121,37,0
17663,1802.91,7,20.96406976744186,797,63,1
17664,604.64,2,14.061395348837209,604,41,0
17666,728.16,2,40.45333333333333,596,14,0
17667,2055.51,5,17.71991379310345,1033,86,1
17668,347.75,2,23.183333333333334,93,14,0
17669,3406.7200000000003,7,50.09882352941177,1916,47,1
17670,205.7,1,18.7,110,11,0
17671,1572.71,4,29.67377358490566,772,40,0
17672,3178.17,2,28.892454545454545,1690,105,1
17673,1594.97,6,7.316376146788991,1462,117,0
17674,551.04,2,20.40888888888889,672,19,0
17675,20374.28,31,28.89968794326241,8360,244,1
17676,1371.18,6,17.807532467532468,922,49,0
17677,16345.38,30,53.94514851485148,9772,184,1
17678,298.11,1,18.631875,207,16,0
17679,1992.1100000000001,2,66.40366666666667,729,29,1
17680,184.4,1,16.763636363636365,96,11,0
17682,2474.33,6,20.968898305084746,1367,49,1
17684,239.41,1,15.960666666666667,145,15,0
17685,3155.83,7,24.849055118110236,1907,90,1
17686,5739.46,7,20.06804195804196,2478,209,1
17690,4726.8,15,18.757142857142856,1769,186,1
17691,290.40000000000003,2,15.28421052631579,134,18,0
17692,740.94,4,16.10739130434783,672,34,0
17693,200.47,1,12.529375,231,16,0
17694,283.12,1,18.874666666666666,184,15,0
17695,765.34,2,21.866857142857143,779,29,0
17696,2285.71,8,19.875739130434784,1756,78,1
17697,338.95,1,17.839473684210525,93,19,0
17698,154.95,1,19.36875,93,8,0
17700,2534.64,4,17.84957746478873,1266,116,1
17701,417.95,1,17.414583333333333,109,24,0
17702,1824.37,4,24.653648648648648,1353,59,1
17703,798.74,3,14.522545454545455,590,48,0
17704,885.19,2,28.554516129032258,343,27,0
17705,1823.52,9,17.70407766990291,963,64,1
17706,10504.49,17,27.498664921465966,3899,273,1
17707,152.4,2,30.48,144,3,0
17708,263.33,2,7.744999999999999,90,28,0
17709,137.45,1,19.635714285714283,17,7,0
17711,385.1,2,16.743478260869566,246,22,0
17712,522.91,1,18.031379310344825,215,29,0
17714,153.0,1,15.3,92,10,0
17715,326.4,1,326.4,384,1,0
17716,5655.99,11,23.085673469387753,3072,172,1
17718,139.35,1,23.224999999999998,83,6,0
17719,5396.04,15,19.693576642335767,2466,111,1
17720,1195.94,4,23.9188,576,39,0
17722,2424.04,4,21.078608695652175,1595,111,1
17723,3276.4000000000005,6,327.64000000000004,792,4,1
17724,1033.0,3,25.825,300,38,0
17725,3439.08,11,17.911875,2162,115,1
17727,1060.25,1,16.064393939393938,645,66,0
17728,2876.01,3,17.430363636363637,1469,154,1
17730,5298.4800000000005,13,24.304954128440368,3576,130,1
17731,1240.11,4,18.509104477611938,493,54,0
17732,303.97,1,16.887222222222224,93,18,0
17733,692.19,2,19.776857142857143,463,33,0
17734,700.63,3,16.293720930232556,422,40,0
17735,13110.02,19,19.000028985507246,8439,323,1
17736,377.44,3,15.0976,238,24,0
17737,168.24,2,16.824,108,8,0
17738,1879.05,4,19.371649484536082,1029,89,1
17739,2791.35,7,59.39042553191489,861,30,1
17742,355.11,2,23.674,89,13,0
17744,2322.4,6,17.076470588235296,3412,109,1
17746,110.25,1,18.375,29,6,0
17747,71.4,1,71.4,12,1,0
17749,674.52,2,19.272,320,33,0
17750,1710.45,9,9.29592391304348,3747,101,1
17752,80.64,1,80.64,192,1,0
17754,1664.6499999999999,5,18.703932584269662,1816,82,1
17757,5593.39,30,7.558635135135136,3318,278,1
17758,3408.2,8,8.436138613861386,2054,312,1
17759,819.96,3,9.110666666666667,697,82,0
17760,287.59,2,11.503599999999999,239,25,0
17761,712.78,1,37.514736842105265,398,19,0
17763,15.0,1,15.0,12,1,0
17764,772.55,2,10.880985915492957,351,71,0
17765,367.63,3,6.564821428571428,143,51,0
17767,271.2,1,12.914285714285715,128,21,0
17768,2081.9,3,21.243877551020407,1122,77,1
17769,3957.43,10,13.017861842105262,1850,200,1
17770,1143.27,5,30.086052631578948,365,33,0
17771,245.81,2,4.552037037037037,287,51,0
17772,173.45,2,3.469,55,50,0
17774,1213.73,4,7.932875816993464,508,123,0
17775,56.4,1,18.8,72,3,0
17777,647.56,3,3.408210526315789,501,141,0
17779,650.32,3,8.028641975308643,396,73,0
17781,188.02,2,15.668333333333335,34,12,0
17783,283.47,2,4.23089552238806,354,67,0
17785,131.94,1,10.149230769230769,67,13,0
17786,266.85,2,3.9242647058823534,195,57,0
17787,1817.54,4,14.19953125,896,94,1
17788,1117.9,2,223.58,211,3,0
17789,225.9,1,16.135714285714286,74,14,0
17790,1964.3,14,10.393121693121692,835,121,1
17791,106.1,1,10.61,46,10,0
17793,300.34,1,5.77576923076923,226,49,0
17795,342.83,2,7.618444444444444,305,43,0
17796,690.0,4,8.518518518518519,176,63,0
17797,780.43,3,7.0309009009009005,498,102,0
17799,3039.17,10,7.522698019801981,1753,280,1
17800,1187.21,9,11.526310679611651,732,51,0
17802,1285.04,3,9.178857142857142,752,103,0
17805,512.31,1,51.230999999999995,478,10,0
17806,546.04,1,12.698604651162789,727,43,0
17809,5411.91,12,88.71983606557377,2057,48,1
17811,7761.82,39,9.374178743961352,4146,362,1
17812,699.81,4,5.261729323308271,329,113,0
17813,1698.07,5,4.879511494252873,752,297,1
17816,36.56,4,2.150588235294118,30,16,0
17817,387.68,3,11.747878787878788,67,32,0
17819,3704.87,7,77.18479166666667,1031,36,1
17824,298.4,1,22.95384615384615,408,13,0
17827,1987.33,5,9.24339534883721,1240,190,1
17828,1820.09,4,27.1655223880597,667,54,1
17829,889.24,1,29.641333333333332,496,30,0
17830,398.7,3,17.33478260869565,92,18,0
17831,35.400000000000006,1,17.700000000000003,12,2,0
17832,155.37,1,2.547049180327869,208,61,0
17835,342.24,3,5.800677966101695,344,45,0
17836,110.21000000000001,1,4.592083333333334,88,23,0
17837,1541.23,8,9.513765432098765,510,111,0
17838,2720.8,5,23.254700854700857,1831,96,1
17839,318.15,1,6.11826923076923,257,50,0
17841,40519.84,124,5.2787701928087545,22834,1345,1
17843,205.48,1,5.553513513513513,113,36,0
17844,51.559999999999995,1,10.312,52,5,0
17846,2033.1,1,2033.1,1,1,1
17848,901.2,9,17.67058823529412,398,41,0
17849,605.8000000000001,4,23.300000000000004,114,15,0
17850,5391.21,34,18.15222222222222,1733,21,1
17852,114.34,2,4.764166666666667,53,21,0
17854,311.26,2,20.750666666666667,84,15,0
17855,208.97,1,12.292352941176471,197,17,0
17856,1418.03,4,94.53533333333333,842,12,0
17857,26879.04,23,497.76,19256,19,1
17858,5140.66,12,26.09472081218274,2694,102,1
17859,141.92,1,6.170434782608695,102,23,0
17860,226.45000000000002,1,4.354807692307693,93,49,0
17861,2097.88,8,9.579360730593608,1985,173,1
17862,330.9,1,30.08181818181818,100,11,0
17863,3160.0,6,21.35135135135135,2638,111,1
17864,554.85,3,6.165,706,70,0
17865,10526.32,20,28.449513513513512,5757,192,1
17866,329.65000000000003,1,36.62777777777778,174,9,0
17867,1157.8700000000001,6,17.027500000000003,508,62,0
17869,428.18,5,10.7045,111,37,0
17870,1865.8899999999999,12,6.910703703703703,1351,214,1
17871,155.9,1,15.59,182,10,0
17873,1848.96,5,42.99906976744186,1035,24,1
17874,683.46,6,14.857826086956523,221,38,0
17877,237.61,1,19.800833333333333,98,12,0
17878,379.45,1,14.59423076923077,401,26,0
17879,178.52,1,29.753333333333334,45,6,0
17880,458.92,1,17.65076923076923,314,26,0
17881,133.35,1,16.66875,32,8,0
17883,664.34,4,4.6784507042253525,374,133,0
17884,695.07,4,6.151061946902655,817,107,0
17885,156.34,1,2.949811320754717,110,50,0
17886,869.28,3,8.52235294117647,469,94,0
17887,111.35,1,11.135,30,10,0
17888,716.0,8,11.015384615384615,973,60,0
17889,201.37,2,10.0685,77,20,0
17890,586.89,2,6.449340659340659,402,88,0
17891,203.85999999999999,1,5.995882352941176,393,34,0
17892,244.1,3,8.717857142857143,109,27,0
17893,107.21,1,7.147333333333333,149,15,0
17894,1118.96,8,5.827916666666667,404,128,0
17895,95.45,1,6.363333333333333,127,15,0
17896,256.32,1,128.16,288,2,0
17897,541.81,3,5.016759259259259,222,100,0
17898,152.06,2,5.430714285714286,190,27,0
17899,154.55,1,4.985483870967743,170,29,0
17900,112.19999999999999,2,18.7,73,4,0
17901,110.38,1,5.809473684210526,24,19,0
17904,181.07,1,5.325588235294117,59,33,0
17905,798.99,4,24.21181818181818,406,33,0
17906,72.9,1,6.075,26,12,0
17908,232.03,1,4.2968518518518515,169,51,0
17911,366.23,1,9.390512820512821,223,39,0
17912,310.06,5,8.38,184,35,0
17913,408.65,2,7.0456896551724135,288,55,0
17914,329.36,1,4.391466666666667,457,72,0
17917,335.03,3,3.6416304347826083,184,77,0
17919,1304.04,1,56.697391304347825,756,23,0
17920,4119.5,17,6.1947368421052635,2473,410,1
17921,820.23,4,5.776267605633803,425,114,0
17923,207.50000000000003,1,207.50000000000003,50,1,0
17924,2962.5,7,95.56451612903226,1160,26,1
17925,244.08,1,244.08,72,1,0
17926,397.29,2,18.91857142857143,306,17,0
17928,212.54,2,9.240869565217391,140,23,0
17929,843.0,4,168.6,108,4,0
17930,1740.48,5,44.62769230769231,1594,26,1
17931,408.36,2,6.282461538461539,249,63,0
17932,1331.57,3,14.795222222222222,789,84,0
17934,704.25,2,33.535714285714285,478,21,0
17935,145.79,2,5.027241379310345,82,28,0
17936,380.13,1,5.279583333333333,257,68,0
17937,4301.22,7,100.02837209302326,1754,19,1
17939,99.14,1,8.261666666666667,40,12,0
17940,4020.04,10,223.33555555555554,9323,6,1
17941,304.56,1,152.28,252,2,0
17942,77.50000000000001,1,38.75000000000001,38,2,0
17946,149.57999999999998,2,7.478999999999999,75,18,0
17947,176.68,1,19.63111111111111,168,9,0
17948,358.56000000000006,1,358.56000000000006,144,1,0
17949,58510.48,45,835.864,30546,30,1
17950,482.2,3,6.791549295774648,366,63,0
17951,1008.5400000000001,3,50.42700000000001,616,18,0
17954,2314.13,12,4.851425576519916,2221,329,1
17955,557.3,4,29.331578947368417,273,14,0
17956,12.75,1,12.75,1,1,0
17957,111.68,1,3.6025806451612907,287,31,0
17958,508.46000000000004,1,72.63714285714286,84,7,0
17960,73.78,1,2.8376923076923077,41,26,0
17961,1296.44,39,5.206586345381527,560,211,0
17962,102.41,1,3.0120588235294115,127,33,0
17964,463.21,2,4.726632653061224,294,84,0
17965,2599.19,14,7.997507692307693,1532,274,1
17966,1098.43,5,16.15338235294118,2571,55,0
17967,112.27,1,2.673095238095238,73,41,0
17968,265.1,1,3.27283950617284,151,74,0
17969,228.2,2,16.3,152,14,0
17970,562.79,1,19.40655172413793,513,27,0
17972,135.19,1,4.506333333333333,36,30,0
17973,337.04,1,22.469333333333335,176,15,0
17974,703.99,3,4.266606060606061,500,143,0
17975,4483.26,13,15.301228668941981,1565,189,1
17976,321.79,1,5.645438596491228,93,56,0
17977,288.14,1,13.72095238095238,342,19,0
17978,300.91999999999996,1,25.076666666666664,499,12,0
17979,732.41,4,5.30731884057971,383,116,0
17980,811.45,3,27.048333333333336,682,23,0
17984,152.68,1,3.1808333333333336,98,48,0
17985,631.35,1,30.064285714285717,171,20,0
17986,20.8,1,20.8,10,1,0
17987,198.57,1,15.274615384615384,261,13,0
17988,201.12,7,5.292631578947368,43,37,0
17990,630.84,3,21.753103448275862,414,27,0
17991,93.35,2,18.669999999999998,25,4,0
17994,674.89,4,8.542911392405063,495,63,0
17995,76.1,1,38.05,133,2,0
17997,1962.46,8,11.966219512195122,2273,133,1
17999,380.39,2,4.18010989010989,219,87,0
18001,415.13,2,7.282982456140351,362,56,0
18004,157.92,1,4.268108108108108,75,32,0
18005,226.47,2,4.273018867924528,86,52,0
18006,444.68,1,20.212727272727275,220,21,0
18008,2116.19,9,70.53966666666666,1581,25,1
18009,247.39,1,7.9803225806451605,125,31,0
18010,174.8,1,12.485714285714286,60,14,0
18011,102.78999999999999,1,3.671071428571428,71,28,0
18013,187.29,2,6.041612903225806,285,31,0
18014,162.22,1,5.407333333333333,66,29,0
18015,120.03,1,2.6093478260869567,157,46,0
18016,1477.66,5,12.111967213114754,1027,91,0
18017,523.0,3,174.33333333333334,300,1,0
18018,122.14,2,4.211724137931035,55,29,0
18019,38.45,1,7.69,7,5,0
18022,612.72,1,3.73609756097561,703,141,0
18024,389.78,2,18.56095238095238,184,21,0
18027,115.31,1,5.490952380952381,78,21,0
18030,230.64999999999998,2,25.627777777777776,67,8,0
18032,73.5,1,14.7,42,5,0
18033,93.82000000000001,1,2.8430303030303032,252,32,0
18034,418.68,2,3.8061818181818183,559,99,0
18035,713.89,3,14.569183673469388,584,44,0
18036,403.12,3,4.288510638297873,232,77,0
18037,70.02,6,3.685263157894737,20,19,0
18040,357.20000000000005,2,18.8,148,18,0
18041,4097.37,21,8.94622270742358,3758,288,1
18042,165.04999999999998,1,23.578571428571426,33,7,0
18043,529.29,3,4.6025217391304345,265,106,0
18044,2088.6,10,16.445669291338582,1033,88,1
18045,178.34,1,4.147441860465117,138,43,0
18048,172.29000000000002,2,24.612857142857145,127,6,0
18050,74.4,1,14.88,40,5,0
18053,300.02,1,15.001,302,20,0
18055,6761.34,10,18.88642458100559,2452,226,1
18056,363.65,1,19.139473684210525,211,19,0
18058,170.16,1,56.72,88,3,0
18059,306.46,3,17.025555555555556,258,17,0
18061,2119.41,10,46.0741304347826,955,18,1
18062,720.52,3,26.685925925925925,396,23,0
18064,814.0,2,116.28571428571429,384,7,0
18065,2392.83,14,17.465912408759124,1027,110,1
18066,318.0,1,31.8,108,10,0
18067,396.33,1,10.711621621621621,189,36,0
18068,101.7,1,101.7,6,1,0
18069,2009.24,5,4.396586433260394,1296,335,1
18071,453.0,2,18.12,260,23,0
18072,247.44,1,13.746666666666666,288,18,0
18073,3859.82,12,53.60861111111112,3102,23,1
18074,489.6,1,37.66153846153846,190,13,0
18075,2611.75,10,18.392605633802816,1464,98,1
18077,2584.41,11,11.589282511210762,1839,103,1
18078,336.13,2,11.590689655172413,145,27,0
18079,3613.15,4,29.37520325203252,7347,101,1
18080,1231.5,2,615.75,642,2,0
18081,343.45,3,20.20294117647059,195,14,0
18082,680.84,1,9.726285714285714,608,62,0
18084,90.48,1,90.48,312,1,0
18085,689.95,2,23.79137931034483,265,25,0
18086,101.34,1,14.477142857142857,106,7,0
18087,4055.7200000000003,2,2027.8600000000001,3907,2,1
18088,166.03,1,4.487297297297298,107,35,0
18092,9068.26,11,101.89056179775281,4252,28,1
18093,2106.52,4,58.51444444444444,1392,31,1
18094,3017.3,7,43.104285714285716,2518,39,1
18095,580.05,2,27.62142857142857,419,20,0
18096,849.06,3,4.331938775510204,788,157,0
18097,2662.4,6,25.116981132075473,1662,66,1
18099,168.31,1,8.858421052631579,149,19,0
18101,222.4,2,5.5600000000000005,87,37,0
18102,259657.3,60,602.45313225058,64124,162,1
18104,754.64,1,19.858947368421052,362,38,0
18105,113.48000000000002,1,6.304444444444446,46,18,0
18106,421.9,1,11.402702702702703,126,33,0
18108,271.0,1,15.941176470588236,84,17,0
18109,8004.92,26,18.151746031746033,4230,122,1
18110,198.8,1,5.372972972972973,72,33,0
18112,352.69,2,13.565,255,26,0
18113,76.32000000000001,1,76.32000000000001,72,1,0
18114,220.1,1,7.860714285714286,55,28,0
18116,1403.1100000000001,8,3.781967654986523,837,227,0
18117,315.65,1,4.384027777777778,605,68,0
18118,5625.08,26,4.453745051464766,2865,428,1
18119,180.7,1,6.23103448275862,124,29,0
18120,111.15,1,6.538235294117648,31,17,0
18121,653.3000000000001,2,21.0741935483871,438,28,0
18122,1793.06,6,5.022577030812325,1225,237,1
18123,574.4399999999999,2,16.895294117647058,582,31,0
18125,1131.75,4,5.89453125,800,165,0
18126,200.92,1,3.8638461538461537,135,52,0
18127,347.08,3,7.545217391304347,187,41,0
18129,112.55000000000001,1,8.039285714285715,48,13,0
18130,1059.39,3,15.134142857142859,824,58,0
18133,931.5,1,931.5,1350,1,0
18135,681.91,5,34.0955,349,11,0
18136,784.33,3,20.640263157894736,379,34,0
18138,152.65,1,19.08125,38,8,0
18139,8438.34,6,53.07132075471698,5557,35,1
18142,1019.52,2,67.968,1276,9,0
18143,1000.16,2,16.396065573770493,570,59,0
18144,2888.75,12,67.18023255813954,1343,27,1
18145,2861.55,4,12.94819004524887,2625,177,1
18146,160.35,2,16.035,153,10,0
18147,179.34,2,25.62,203,7,0
18149,612.0799999999999,3,38.254999999999995,310,11,0
18150,566.58,3,15.312972972972974,332,29,0
18151,653.35,2,17.193421052631578,355,38,0
18154,399.19,2,19.009047619047617,255,15,0
18155,371.62,3,14.8648,266,19,0
18156,675.64,2,5.538032786885246,283,100,0
18158,453.4,2,13.335294117647058,354,24,0
18159,530.15,1,23.05,139,23,0
18160,638.0600000000001,2,16.36051282051282,294,37,0
18161,1618.69,5,20.233625,812,49,0
18164,399.65,1,16.652083333333334,184,24,0
18165,302.46,1,30.246,254,10,0
18167,1384.8600000000001,3,37.428648648648654,382,24,0
18168,1160.04,6,8.923384615384615,592,97,0
18169,202.65,1,22.516666666666666,61,9,0
18170,980.3100000000001,3,25.79763157894737,409,30,0
18171,1231.31,5,22.802037037037035,481,43,0
18172,7561.68,20,40.00888888888889,3184,102,1
18173,2106.84,4,67.9625806451613,1220,23,1
18174,104.0,1,104.0,50,1,0
18176,476.35,1,15.878333333333334,283,30,0
18177,1340.8700000000001,6,18.368082191780825,709,53,0
18178,1590.81,4,16.400103092783503,983,81,0
18179,1793.17,6,19.924111111111113,1360,86,1
18180,1843.75,6,15.493697478991596,1721,108,1
18181,366.85,1,8.947560975609756,133,40,0
18183,632.07,2,17.082972972972975,371,36,0
18184,49.8,1,49.8,60,1,0
18185,304.25,1,17.897058823529413,183,17,0
18188,2001.04,3,28.183661971830986,1168,64,1
18189,1090.24,2,16.032941176470587,566,65,0
18190,284.46000000000004,2,18.964000000000002,140,14,0
18191,207.8,1,29.685714285714287,140,7,0
18192,957.97,1,21.288222222222224,339,45,0
18193,243.76,1,15.235,124,16,0
18194,973.84,1,139.12,632,7,0
18196,686.63,2,4.93978417266187,431,131,0
18198,5425.56,17,34.12301886792453,4074,83,1
18200,150.35,1,5.011666666666667,104,29,0
18202,1396.99,3,20.543970588235293,581,56,0
18203,160.42000000000002,1,8.443157894736842,43,19,0
18204,1975.3500000000001,3,10.28828125,1190,160,1
18205,517.36,2,16.1675,192,30,0
18209,139.10000000000002,1,17.387500000000003,58,8,0
18210,2621.38,6,19.562537313432838,1398,110,1
18211,600.07,5,14.287380952380953,359,37,0
18212,216.07,1,6.3549999999999995,92,30,0
18213,232.48000000000002,1,15.498666666666669,232,15,0
18215,299.34000000000003,1,23.02615384615385,118,13,0
18216,481.75,1,18.528846153846153,200,26,0
18217,621.75,2,20.056451612903224,491,27,0
18218,641.92,2,32.096,536,17,0
18219,2069.77,10,18.155877192982455,885,59,1
18220,305.28,1,152.64,288,2,0
18221,1041.61,5,16.27515625,791,59,0
18222,443.0,1,23.31578947368421,335,19,0
18223,6484.54,14,23.840220588235294,2948,119,1
18224,158.95000000000002,1,15.895000000000001,69,10,0
18225,5504.96,12,20.46453531598513,3242,152,1
18226,5228.05,11,21.603512396694217,3466,141,1
18227,93.75,1,18.75,21,5,0
18228,779.9,2,25.996666666666666,238,24,0
18229,7276.9,20,44.37134146341463,2488,67,1
18230,2810.2000000000003,7,32.67674418604651,1316,33,1
18231,2071.77,5,16.843658536585366,819,106,1
18232,592.97,4,16.026216216216216,302,31,0
18233,440.0,1,440.0,4,1,0
18235,1796.48,3,17.273846153846154,1578,100,1
18236,882.24,6,18.004897959183673,403,43,0
18237,987.1,5,16.181967213114753,622,40,0
18239,1561.6100000000001,5,17.745568181818182,795,80,0
18240,422.58,1,70.42999999999999,126,6,0
18241,2073.09,17,19.933557692307694,1051,60,1
18242,2232.4900000000002,4,28.62166666666667,1017,72,1
18245,2567.06,7,14.668914285714285,1788,153,1
18246,596.1,2,149.025,166,3,0
18248,804.02,2,17.1068085106383,511,39,0
18249,95.34,1,11.9175,128,8,0
18250,349.27,1,16.63190476190476,199,21,0
18251,4314.72,1,269.67,7824,16,1
18252,518.27,2,5.5135106382978725,234,90,0
18255,103.30000000000001,1,17.21666666666667,74,6,0
18257,2337.63,8,19.81042372881356,1041,99,1
18259,2338.6,3,55.68095238095238,714,27,1
18260,2628.35,6,19.76203007518797,1475,86,1
18261,324.24,2,15.440000000000001,146,19,0
18262,149.48,1,11.498461538461537,182,13,0
18263,1213.16,3,19.887868852459018,1468,58,0
18265,801.51,2,17.424130434782608,311,44,0
18268,25.5,1,25.5,2,1,0
18269,168.60000000000002,1,24.08571428571429,76,7,0
18270,283.15000000000003,2,25.740909090909096,101,11,0
18272,3078.58,6,18.54566265060241,2050,101,1
18273,204.0,3,68.0,80,1,0
18274,175.92,1,15.992727272727272,88,11,0
18276,335.86,1,23.990000000000002,186,14,0
18277,110.38,1,13.7975,68,8,0
18278,173.9,1,19.322222222222223,66,9,0
18280,180.60000000000002,1,18.060000000000002,45,10,0
18281,80.82,1,11.545714285714284,54,7,0
18282,178.05,2,14.8375,103,12,0
18283,2045.53,16,2.8370735090152563,1357,272,1
18287,1837.28,3,26.24685714285714,1586,59,1
